v1,message
smishing,"James, your tax record (case CASE-476417) indicates a discrepancy of $1,000.00. This is your final notice before legal action is taken immediately."
smishing,"This is not a joke. We have private footage of you. $12,450.00 required within 30 minutes to prevent release to your friends and family: shorturl.at/a8Xk2p"
smishing,"URGENT from Internal Revenue Service: An arrest warrant has been issued under case number CASE-629903 due to tax fraud of $8,320.75. Resolve within 30 minutes to avoid prosecution: bit.ly/CaseUpdt9"
smishing,Your SSN has been suspended due to suspicious tax activity linked to case CASE-198246. Verify identity within 30 minutes or face legal consequences: tinyurl.com/PayNow-x1
smishing,USCIS NOTICE: Discrepancy found in your immigration file (case CASE-733052). Deportation proceedings begin within 2 hours unless you respond: urlz.fr/a8Xk2p
smishing,USCIS NOTICE: Discrepancy found in your immigration file (case CASE-456778). Deportation proceedings begin before end of business today unless you respond: tinyurl.com/a8Xk2p
smishing,This is a legal notice from local Police Dept. Case CASE-131244 against you proceeds to court within 24 hours unless you respond. Reference: urlz.fr/PayNow-x1
smishing,"Your device was hacked and we recorded you. Send $3,982.00 immediately or the footage goes to everyone on your contact list. Details: bit.ly/ClaimHere7"
smishing,This is Officer Michael #5554 from State Police. Your identity has been used in a crime linked to case CASE-145561. Call (428) 728-7649 within 3 hours or a warrant will be issued.
smishing,"Your device was hacked and we recorded you. Send $8,320.75 by tomorrow 9AM or the footage goes to everyone on your contact list. Details: tinyurl.com/ClaimHere7"
smishing,ALERT: FBI Cyber Division has an active warrant CASE-571029 for your arrest regarding unpaid fines of $746.32. Avoid arrest by calling (720) 656-8975 within 2 hours.
smishing,Your device was hacked and we recorded you! Send $746!32 immediately or the footage goes to everyone on your contact list! Details: urlz!fr/CaseUpdt9
smishing,THIS IS A LEGAL NOTICE FROM STATE POLICE. CASE CASE-872246 AGAINST YOU PROCEEDS TO COURT WITHIN 3 HOURS UNLESS YOU RESPOND. REFERENCE: URLZ.FR/CLAIMHERE7
smishing,"YOUR LOAN IS SEVERELY DELINQUENT ($12,450.00). YOUR CREDIT UNION LEGAL DEPT WILL PURSUE COURT ACTION BEFORE END OF BUSINESS TODAY. REPLY TO AVOID CREDIT SEIZURE: URLZ.FR/SECURELINK3"
smishing,"Your loan is severely delinquent ($5,600!00)! Chase legal dept will pursue court action within 3 hours! Reply to avoid credit seizure: shorturl!at/a8Xk2p"
smishing,THIS IS OFFICER SUSAN #2654 FROM STATE POLICE. YOUR IDENTITY HAS BEEN USED IN A CRIME LINKED TO CASE CASE-629903. CALL (773) 985-8751 WITHIN 3 HOURS OR A WARRANT WILL BE ISSUED.
smishing,USCIS NOTICE: Discrepancy found in your immigration file (case CASE-571029). Deportation proceedings begin immediately unless you respond: bit.ly/a8Xk2p
smishing,"Your device was hacked and we recorded you. Send $1,247.50 immediately or the footage goes to everyone on your contact list. Details: shorturl.at/PayNow-x1"
smishing,Treasury Dept NOTICE: Your case CASE-542417 shows unpaid taxes of $589.99. Failure to respond within 30 minutes will result in a legal warrant for your arrest. Call (270) 983-4394 now.
smishing,Immigration Alert: Case CASE-391369 flagged for review. Contact (457) 683-8583 within 30 minutes or face detainment.
smishing,FINAL NOTICE from your electric company: Your service will be disconnected immediately due to unpaid balance of $92.50. Pay now: shorturl.at/SecureLink3
smishing,FINAL NOTICE from your electric company: Your service will be disconnected by 5PM today due to unpaid balance of $746.32. Pay now: shorturl.at/Verify-Now22
smishing,"DEBT RECOVERY NOTICE: $92.50 OWED, CASE CASE-895667. A SUMMONS WILL BE FILED WITH COUNTY COURT WITHIN 30 MINUTES UNLESS RESOLVED. CONTACT (204) 738-3958 NOW."
smishing,"Richard, your tax record (case CASE-126225) indicates a discrepancy of $5,600.00. This is your final notice before legal action is taken by 5PM today."
smishing,We have compromising video from your device camera. Pay $589.99 in crypto before end of business today to tinyurl.com/PayNow-x1 or we send it to all your contacts.
smishing,"Your account with the power company is past due ($3,982.00). Service termination within 30 minutes. Prevent shutoff by calling (822) 887-2225."
smishing,"I know your password and have access to your camera. Pay $2,100.00 within 2 hours or the recording gets shared publicly. Payment link: bit.ly/Verify-Now22"
smishing,"Your account with your water utility is past due ($2,100.00). Service termination within 30 minutes. Prevent shutoff by calling (564) 332-2595."
smishing,We have compromising video from your device camera. Pay $199.00 in crypto within 30 minutes to urlz.fr/Verify-Now22 or we send it to all your contacts.
smishing,HR NOTICE: Disciplinary action pending on your file (case CASE-343962) unless you verify employment details within 24 hours: shorturl.at/a8Xk2p
smishing,HR NOTICE: Disciplinary action pending on your file (case CASE-781453) unless you verify employment details within 24 hours: tinyurl.com/Verify-Now22
smishing,FBI CYBER DIVISION: WE HAVE DETAINED AN INDIVIDUAL USING YOUR SSN. CASE CASE-498382 REQUIRES YOUR STATEMENT WITHIN 2 HOURS. FAILURE TO RESPOND RESULTS IN IMMEDIATE ARREST.
smishing,Your vehicle was involved in an incident under investigation (case CASE-391704). County Sheriff's Office requires you contact (556) 531-8674 before end of business today or face legal charges.
smishing,Your account with your water utility is past due ($450.00). Service termination by tomorrow 9AM. Prevent shutoff by calling (456) 377-4242.
smishing,"We have compromising video from your device camera. Pay $3,982.00 in crypto before end of business today to urlz.fr/a8Xk2p or we send it to all your contacts."
smishing,Your vehicle was involved in an incident under investigation (case CASE-946335)! FBI Cyber Division requires you contact (701) 567-4087 by 5PM today or face legal charges!
smishing,"FINAL NOTICE: Your account with your bank shows an outstanding balance of $2,100.00. Legal action will begin within 24 hours. Case ref CASE-988662. Call (531) 357-1473."
smishing,NOTICE: Your bank account will be frozen within 3 hours due to case CASE-216739. Verify identity now: urlz.fr/a8Xk2p
smishing,Your SSN has been suspended due to suspicious tax activity linked to case CASE-263032. Verify identity within 2 hours or face legal consequences: shorturl.at/Verify-Now22
smishing,"FINAL NOTICE: Your account with your bank shows an outstanding balance of $5,600.00. Legal action will begin within 30 minutes. Case ref CASE-388389. Call (407) 636-6527."
smishing,"IRS ALERT: Suit has been filed against you in Superior Court for tax evasion, amount $450.00. Contact (741) 457-1188 by tomorrow 9AM to prevent asset seizure."
smishing,ALERT: US Marshals has an active warrant CASE-498382 for your arrest regarding unpaid fines of $450.00. Avoid arrest by calling (425) 893-4767 within 3 hours.
smishing,"FINAL NOTICE from your water utility: Your service will be disconnected within 24 hours due to unpaid balance of $8,320.75. Pay now: shorturl.at/Verify-Now22"
smishing,Your assets are subject to seizure under case CASE-334053 unless resolved within 24 hours. Call (976) 793-2831 immediately.
smishing,"This is Federal Tax Bureau. You owe $8,320.75 in back taxes. Case CASE-207175 will be forwarded to law enforcement by tomorrow 9AM unless payment is confirmed. Reply YES or call (978) 252-4335."
smishing,"Maria, this is your last warning before District Court proceedings begin over unpaid debt of $3,982!00! Settle within 2 hours to avoid wage garnishment: tinyurl!com/Verify-Now22"
smishing,"IRS ALERT: Suit has been filed against you in Superior Court for tax evasion, amount $2,100.00. Contact (914) 444-7274 within 30 minutes to prevent asset seizure."
smishing,"Maria, your tax record (case CASE-198246) indicates a discrepancy of $92.50. This is your final notice before legal action is taken before end of business today."
smishing,USCIS NOTICE: Discrepancy found in your immigration file (case CASE-809570). Deportation proceedings begin by tomorrow 9AM unless you respond: bit.ly/CaseUpdt9
smishing,This is a legal notice from US Marshals. Case CASE-263032 against you proceeds to court immediately unless you respond. Reference: shorturl.at/CaseUpdt9
smishing,Your employment status is under review due to case CASE-542417. Termination proceedings begin by 5PM today unless you respond: bit.ly/ClaimHere7
smishing,This is Officer Sarah #5554 from State Police! Your identity has been used in a crime linked to case CASE-988662! Call (844) 298-8370 within 3 hours or a warrant will be issued!
smishing,Your SSN has been suspended due to suspicious tax activity linked to case CASE-571029. Verify identity before end of business today or face legal consequences: tinyurl.com/PayNow-x1
smishing,"James, this is your last warning before Municipal Court proceedings begin over unpaid debt of $2,100.00. Settle before end of business today to avoid wage garnishment: tinyurl.com/ClaimHere7"
smishing,Your loan is severely delinquent ($92.50). Chase legal dept will pursue court action before end of business today. Reply to avoid credit seizure: shorturl.at/PayNow-x1
smishing,Treasury Dept NOTICE: Your case CASE-542417 shows unpaid taxes of $746.32. Failure to respond within 24 hours will result in a legal warrant for your arrest. Call (248) 444-7878 now.
smishing,NOTICE: Your bank account will be frozen immediatly due to case CASE-476417. Verify identity now: shorturl.at/PayNow-x1
smishing,This is Officer Patricia #2139 from US Marshals. Your identity has been used in a crime linked to case CASE-876646. Call (815) 208-4666 before end of business today or a warrant will be issued.
smishing,"FINAL NOTICE: YOUR ACCOUNT WITH WELLS FARGO SHOWS AN OUTSTANDING BALANCE OF $3,982.00. LEGAL ACTION WILL BEGIN WITHIN 3 HOURS. CASE REF CASE-809570. CALL (220) 751-6343."
smishing,This is a legal notice from Federal Marshal's Office. Case CASE-133326 against you proceeds to court by tomorrow 9AM unless you respond. Reference: shorturl.at/PayNow-x1
smishing,YOUR EMPLOYMENT STATUS IS UNDER REVIEW DUE TO CASE CASE-731262. TERMINATION PROCEEDINGS BEGIN BY TOMORROW 9AM UNLESS YOU RESPOND: TINYURL.COM/SECURELINK3
smishing,"Debt Recovery Notice: $1,000.00 owed, case CASE-201414. A summons will be filed with Municipal Court immediately unless resolved. Contact (966) 961-4865 now."
smishing,"Patricia, this is your last warning before District Court proceedings begin over unpaid debt of $1,247.50. Settle within 30 minutes to avoid wage garnishment: tinyurl.com/SecureLink3"
smishing,FINAL NOTICE: YOUR ACCOUNT WITH CITIBANK SHOWS AN OUTSTANDING BALANCE OF $589.99. LEGAL ACTION WILL BEGIN WITHIN 3 HOURS. CASE REF CASE-733052. CALL (523) 901-5932.
smishing,URGENT from Treasury Dept: An arrest warrant has been issued under case number CASE-356787 due to tax fraud of $92!50! Resolve within 3 hours to avoid prosecution: tinyurl!com/a8Xk2p
smishing,THIS IS A LEGAL NOTICE FROM FEDERAL MARSHAL'S OFFICE. CASE CASE-329258 AGAINST YOU PROCEEDS TO COURT WITHIN 24 HOURS UNLESS YOU RESPOND. REFERENCE: TINYURL.COM/CLAIMHERE7
smishing,"This is not a joke. We have private footage of you. $2,100.00 required before end of business today to prevent release to your friends and family: urlz.fr/ClaimHere7"
smishing,"FINAL NOTICE: Your account with Citibank shows an outstanding balance of $1,000.00. Legal action will begin within 30 minutes. Case ref CASE-872246. Call (542) 444-9841."
smishing,YOUR SSN HAS BEEN SUSPENDED DUE TO SUSPICIOUS TAX ACTIVITY LINKED TO CASE CASE-456778. VERIFY IDENTITY BEFORE END OF BUSINESS TODAY OR FACE LEGAL CONSEQUENCES: BIT.LY/VERIFY-NOW22
smishing,Your SSN has been suspended due to suspicious tax activity linked to case CASE-850800. Verify identity by 5PM today or face legal consequences: urlz.fr/ClaimHere7
smishing,"Your loan is severely delinquent ($1,000.00). your bank legal dept will pursue court action immediately. Reply to avoid credit seizure: urlz.fr/CaseUpdt9"
smishing,"URGENT from Treasury Dept: An arrest warrant has been issued under case number CASE-733052 due to tax fraud of $1,000.00. Resolve within 3 hours to avoid prosecution: tinyurl.com/CaseUpdt9"
smishing,Your loan is severely delinquent ($746.32). Chase legal dept will pursue court action immediately. Reply to avoid credit seizure: shorturl.at/PayNow-x1
smishing,"Michael, your tax record (case CASE-246316) indicates a discrepancy of $1,000.00. This is your final notice before legal action is taken within 24 hours."
smishing,FINAL NOTICE: Your account with Citibank shows an outstanding balance of $92!50! Legal action will begin before end of business today! Case ref CASE-201414! Call (935) 426-4838!
smishing,"Your account with your electric company is past due ($5,600.00). Service termination within 30 minutes. Prevent shutoff by calling (223) 730-9384."
smishing,"NOTICE OF INTENT TO SUE: $589.99 past due, case CASE-127824. Respond within 24 hours or a judgment will be filed against you at Municipal Court."
smishing,"FINAL NOTICE: Your account with Chase shows an outstanding balance of $5,600.00. Legal action will begin within 30 minutes. Case ref CASE-895667. Call (404) 389-6759."
smishing,YOUR DEVICE WAS HACKED AND WE RECORDED YOU. SEND $589.99 WITHIN 30 MINUTES OR THE FOOTAGE GOES TO EVERYONE ON YOUR CONTACT LIST. DETAILS: BIT.LY/VERIFY-NOW22
smishing,IRS NOTICE: Your case CASE-456778 shows unpaid taxes of $92.50. Failure to respond immediatly will result in a legal warrant for your arrest. Call (572) 725-3621 now.
smishing,"Susan, your tax record (case CASE-246316) indicates a discrepancy of $589.99. This is your final notice before legal action is taken within 24 hours."
smishing,URGENT from IRS: An arrest warrant has been issued under case number CASE-267414 due to tax fraud of $450.00. Resolve within 30 minutes to avoid prosecution: tinyurl.com/PayNow-x1
smishing,"We have compromising video from your device camera. Pay $2,100.00 in crypto immediately to urlz.fr/SecureLink3 or we send it to all your contacts."
smishing,"Your loan is severely delinquent ($3,982.00). your bank legal dept will pursue court action within 24 hours. Reply to avoid credit seizure: bit.ly/Verify-Now22"
smishing,Immigration Alert: Case CASE-671412 flagged for review. Contact (678) 963-4903 immediatly or face detainment.
smishing,"This is IRS Tax Division. You owe $1,247.50 in back taxes. Case CASE-334053 will be forwarded to law enforcement within 24 hours unless payment is confirmed. Reply YES or call (464) 427-9366."
smishing,"Jennifer, your tax record (case CASE-865179) indicates a discrepancy of $199.00. This is your final notice before legal action is taken before end of business today."
smishing,This is US Marshals. Your visa status is under review due to case CASE-106814. Failure to verify within 24 hours results in immediate deportation order.
smishing,HR NOTICE: DISCIPLINARY ACTION PENDING ON YOUR FILE (CASE CASE-377370) UNLESS YOU VERIFY EMPLOYMENT DETAILS BY 5PM TODAY: TINYURL.COM/CASEUPDT9
smishing,FBI Cyber Division: We have detained an individual using your SSN. Case CASE-325772 requires your statement within 2 hours. Failure to respond results in immediate arrest.
smishing,"I know your password and have access to your camera. Pay $8,320.75 by tomorrow 9AM or the recording gets shared publicly. Payment link: tinyurl.com/CaseUpdt9"
smishing,This is Treasury Dept. You owe $450.00 in back taxes. Case CASE-207175 will be forwarded to law enforcement immediatly unless payment is confirmed. Reply YES or call (751) 965-9947.
smishing,local Police Dept: We have detained an individual using your SSN. Case CASE-201414 requires your statement by 5PM today. Failure to respond results in immediate arrest.
smishing,"Your loan is severely delinquent ($1,247.50). Wells Fargo legal dept will pursue court action within 24 hours. Reply to avoid credit seizure: urlz.fr/SecureLink3"
smishing,"your gas provider ALERT: Disconnection scheduled before end of business today unless $2,100!00 is paid immediately! Avoid shutoff: bit!ly/CaseUpdt9"
smishing,HR NOTICE: Disciplinary action pending on your file (case CASE-832052) unless you verify employment details within 2 hours: shorturl.at/CaseUpdt9
smishing,your electric company ALERT: Disconnection scheduled within 3 hours unless $589.99 is paid immediately. Avoid shutoff: tinyurl.com/PayNow-x1
smishing,"ALERT: FBI Cyber Division has an active warrant CASE-832052 for your arrest regarding unpaid fines of $1,247!50! Avoid arrest by calling (385) 320-3155 within 30 minutes!"
smishing,Your vehicle was involved in an incident under investigation (case CASE-452944). Federal Marshal's Office requires you contact (763) 455-2551 by tomorrow 9AM or face legal charges.
smishing,Your employment status is under review due to case CASE-391704. Termination proceedings begin immediately unless you respond: bit.ly/Verify-Now22
smishing,local Police Dept: We have detained an individual using your SSN. Case CASE-900581 requires your statement within 30 minutes. Failure to respond results in immediate arrest.
smishing,Immigration Alert: Case CASE-325772 flagged for review. Contact (279) 719-8271 within 2 hours or face detainment.
smishing,This is Officer William #3803 from State Police. Your identity has been used in a crime linked to case CASE-207175. Call (809) 789-9269 within 24 hours or a warrant will be issued.
smishing,HR NOTICE: Disciplinary action pending on your file (case CASE-872246) unless you verify employment details within 3 hours: bit.ly/a8Xk2p
smishing,"FINAL NOTICE: YOUR ACCOUNT WITH CHASE SHOWS AN OUTSTANDING BALANCE OF $1,247.50. LEGAL ACTION WILL BEGIN BY TOMORROW 9AM. CASE REF CASE-207175. CALL (641) 243-4217."
smishing,"Debt Recovery Notice: $3,982.00 owed, case CASE-571029. A summons will be filed with Superior Court by 5PM today unless resolved. Contact (278) 484-5129 now."
smishing,HR NOTICE: Disciplinary action pending on your file (case CASE-207175) unless you verify employment details within 24 hours: urlz.fr/Verify-Now22
smishing,"URGENT: your gas provider will cut off service to your address before end of business today. Outstanding balance $3,982.00 must be settled now: bit.ly/PayNow-x1"
smishing,"FINAL NOTICE: Your account with Wells Fargo shows an outstanding balance of $1,247.50. Legal action will begin immediately. Case ref CASE-267414. Call (425) 656-6855."
smishing,"Debt Recovery Notice: $1,000.00 owed, case CASE-688508. A summons will be filed with District Court by tomorrow 9AM unless resolved. Contact (333) 641-4385 now."
smishing,"Your account with the power company is past due ($1,247.50). Service termination within 30 minutes. Prevent shutoff by calling (247) 481-7901."
smishing,This is a legal notice from US Marshals. Case CASE-688508 against you proceeds to court by tomorrow 9AM unless you respond. Reference: urlz.fr/a8Xk2p
smishing,"IRS ALERT: Suit has been filed against you in Municipal Court for tax evasion, amount $2,100.00. Contact (843) 966-3480 within 30 minutes to prevent asset seizure."
smishing,Your employment status is under review due to case CASE-809570. Termination proceedings begin by 5PM today unless you respond: urlz.fr/CaseUpdt9
smishing,US Marshals: We have detained an individual using your SSN. Case CASE-900581 requires your statement immediately. Failure to respond results in immediate arrest.
smishing,This is a legal notice from County Sheriff's Office. Case CASE-377370 against you proceeds to court within 2 hours unless you respond. Reference: bit.ly/CaseUpdt9
smishing,This is IRS. You owe $450.00 in back taxes. Case CASE-460663 will be forwarded to law enforcement by tomorrow 9AM unless payment is confirmed. Reply YES or call (308) 643-6934.
smishing,This is a legal notice from US Marshals. Case CASE-543143 against you proceeds to court within 3 hours unless you respond. Reference: urlz.fr/Verify-Now22
smishing,"JOSEPH, THIS IS YOUR LAST WARNING BEFORE DISTRICT COURT PROCEEDINGS BEGIN OVER UNPAID DEBT OF $92.50. SETTLE WITHIN 2 HOURS TO AVOID WAGE GARNISHMENT: URLZ.FR/CASEUPDT9"
smishing,ALERT: FBI Cyber Division has an active warrant CASE-377370 for your arrest regarding unpaid fines of $450.00. Avoid arrest by calling (655) 999-6950 by tomorrow 9AM.
smishing,"JENNIFER, THIS IS YOUR LAST WARNING BEFORE DISTRICT COURT PROCEEDINGS BEGIN OVER UNPAID DEBT OF $1,000!00! SETTLE BY TOMORROW 9AM TO AVOID WAGE GARNISHMENT: TINYURL!COM/CASEUPDT9"
smishing,Court order CASE-876646 authorizes seizure of your property by tomorrow 9AM. Contact (214) 884-2060 to halt this action.
smishing,This is US Marshals. Your visa status is under review due to case CASE-900581. Failure to verify immediatly results in immediate deportation order.
smishing,IRS NOTICE: Your case CASE-198246 shows unpaid taxes of $450.00. Failure to respond immediately will result in a legal warrant for your arrest. Call (454) 363-6364 now.
smishing,"This is IRS Tax Division. You owe $3,982.00 in back taxes. Case CASE-216739 will be forwarded to law enforcement within 3 hours unless payment is confirmed. Reply YES or call (514) 445-1949."
smishing,This is a legal notice from County Sheriff's Office. Case CASE-456778 against you proceeds to court within 24 hours unless you respond. Reference: tinyurl.com/PayNow-x1
smishing,"Your device was hacked and we recorded you. Send $12,450.00 by tomorrow 9AM or the footage goes to everyone on your contact list. Details: tinyurl.com/ClaimHere7"
smishing,"Your device was hacked and we recorded you! Send $1,000!00 within 24 hours or the footage goes to everyone on your contact list! Details: shorturl!at/Verify-Now22"
smishing,"Joseph, this is your last warning before Municipal Court proceedings begin over unpaid debt of $199.00. Settle within 24 hours to avoid wage garnishment: shorturl.at/Verify-Now22"
smishing,"your water utility ALERT: Disconnection scheduled within 30 minutes unless $2,100.00 is paid immediately. Avoid shutoff: tinyurl.com/Verify-Now22"
smishing,Your vehicle was involved in an incident under investigation (case CASE-948749). FBI Cyber Division requires you contact (655) 338-9835 by 5PM today or face legal charges.
smishing,"Your loan is severely delinquent ($1,000.00). Wells Fargo legal dept will pursue court action by tomorrow 9AM. Reply to avoid credit seizure: bit.ly/Verify-Now22"
smishing,"Your device was hacked and we recorded you. Send $2,100.00 within 30 minutes or the footage goes to everyone on your contact list. Details: bit.ly/SecureLink3"
smishing,"We have compromising video from your device camera. Pay $2,100.00 in crypto by 5PM today to shorturl.at/a8Xk2p or we send it to all your contacts."
smishing,NOTICE: Your bank account will be frozen within 30 minutes due to case CASE-263032. Verify identity now: urlz.fr/Verify-Now22
smishing,NOTICE: Your bank account will be frozen by 5PM today due to case CASE-717889. Verify identity now: shorturl.at/a8Xk2p
smishing,"Debt Recovery Notice: $1,247.50 owed, case CASE-127824. A summons will be filed with Superior Court before end of business today unless resolved. Contact (629) 851-6832 now."
smishing,FINAL NOTICE from your water utility: Your service will be disconnected by tomorrow 9AM due to unpaid balance of $450.00. Pay now: urlz.fr/CaseUpdt9
smishing,Your loan is severely delinquent ($746.32). your credit union legal dept will pursue court action by 5PM today. Reply to avoid credit seizure: tinyurl.com/SecureLink3
smishing,your gas provider ALERT: Disconnection scheduled before end of business today unless $199.00 is paid immediatly. Avoid shutoff: bit.ly/Verify-Now22
smishing,"NOTICE OF INTENT TO SUE: $8,320.75 past due, case CASE-263032. Respond within 3 hours or a judgment will be filed against you at Municipal Court."
smishing,"Richard, your tax record (case CASE-476417) indicates a discrepancy of $3,982.00. This is your final notice before legal action is taken immediately."
smishing,"We have compromising video from your device camera. Pay $1,000.00 in crypto immediately to urlz.fr/SecureLink3 or we send it to all your contacts."
smishing,USCIS NOTICE: Discrepancy found in your immigration file (case CASE-377370). Deportation proceedings begin by tomorrow 9AM unless you respond: tinyurl.com/CaseUpdt9
smishing,This is local Police Dept. Your visa status is under review due to case CASE-946335. Failure to verify immediately results in immediate deportation order.
smishing,"URGENT: your gas provider will cut off service to your address within 30 minutes. Outstanding balance $12,450.00 must be settled now: shorturl.at/PayNow-x1"
smishing,"This is IRS Tax Division. You owe $1,000.00 in back taxes. Case CASE-733052 will be forwarded to law enforcement within 2 hours unless payment is confirmed. Reply YES or call (494) 814-6119."
smishing,"Debt Recovery Notice: $12,450.00 owed, case CASE-832052. A summons will be filed with Superior Court by tomorrow 9AM unless resolved. Contact (277) 748-4507 now."
smishing,"URGENT from Treasury Dept: An arrest warrant has been issued under case number CASE-198246 due to tax fraud of $2,100!00! Resolve within 24 hours to avoid prosecution: tinyurl!com/Verify-Now22"
smishing,"We have compromising video from your device camera. Pay $8,320.75 in crypto within 2 hours to urlz.fr/Verify-Now22 or we send it to all your contacts."
smishing,Treasury Dept NOTICE: Your case CASE-571029 shows unpaid taxes of $589!99! Failure to respond within 24 hours will result in a legal warrant for your arrest! Call (840) 505-9317 now!
smishing,HR NOTICE: Disciplinary action pending on your file (case CASE-207473) unless you verify employment details within 24 hours: urlz.fr/ClaimHere7
smishing,"This is not a joke. We have private footage of you. $8,320.75 required immediately to prevent release to your friends and family: tinyurl.com/SecureLink3"
smishing,"URGENT from Treasury Dept: An arrest warrant has been issued under case number CASE-126225 due to tax fraud of $1,247!50! Resolve before end of business today to avoid prosecution: bit!ly/a8Xk2p"
smishing,"THIS IS NOT A JOKE! WE HAVE PRIVATE FOOTAGE OF YOU! $12,450!00 REQUIRED WITHIN 30 MINUTES TO PREVENT RELEASE TO YOUR FRIENDS AND FAMILY: SHORTURL!AT/VERIFY-NOW22"
smishing,Your device was hacked and we recorded you. Send $746.32 before end of business today or the footage goes to everyone on your contact list. Details: bit.ly/SecureLink3
smishing,We have compromising video from your device camera! Pay $746!32 in crypto immediatly to shorturl!at/a8Xk2p or we send it to all your contacts!
smishing,"ROBERT, YOUR TAX RECORD (CASE CASE-356787) INDICATES A DISCREPANCY OF $92!50! THIS IS YOUR FINAL NOTICE BEFORE LEGAL ACTION IS TAKEN BY 5PM TODAY!"
smishing,HR NOTICE: Disciplinary action pending on your file (case CASE-197251) unless you verify employment details by 5PM today: bit.ly/Verify-Now22
smishing,"your electric company ALERT: Disconnection scheduled by 5PM today unless $12,450.00 is paid immediately. Avoid shutoff: urlz.fr/ClaimHere7"
smishing,"URGENT from Internal Revenue Service: An arrest warrant has been issued under case number CASE-456778 due to tax fraud of $8,320.75. Resolve by 5PM today to avoid prosecution: tinyurl.com/ClaimHere7"
smishing,"Debt Recovery Notice: $92.50 owed, case CASE-671858. A summons will be filed with Municipal Court within 3 hours unless resolved. Contact (624) 611-5116 now."
smishing,Federal Marshal's Office: We have detained an individual using your SSN. Case CASE-207473 requires your statement before end of business today. Failure to respond results in immediate arrest.
smishing,US Marshals: We have detained an individual using your SSN. Case CASE-832052 requires your statement within 3 hours. Failure to respond results in immediate arrest.
smishing,ALERT: County Sheriff's Office has an active warrant CASE-872246 for your arrest regarding unpaid fines of $589.99. Avoid arrest by calling (405) 550-7704 by tomorrow 9AM.
smishing,"ALERT: Federal Marshal's Office has an active warrant CASE-498382 for your arrest regarding unpaid fines of $1,247.50. Avoid arrest by calling (775) 381-8460 within 3 hours."
smishing,Court order CASE-835392 authorizes seizure of your property within 24 hours. Contact (786) 759-5271 to halt this action.
smishing,"YOUR LOAN IS SEVERELY DELINQUENT ($2,100.00). YOUR CREDIT UNION LEGAL DEPT WILL PURSUE COURT ACTION WITHIN 24 HOURS. REPLY TO AVOID CREDIT SEIZURE: SHORTURL.AT/A8XK2P"
smishing,"ALERT: State Police has an active warrant CASE-900581 for your arrest regarding unpaid fines of $1,000.00. Avoid arrest by calling (397) 221-7189 within 3 hours."
smishing,"IRS ALERT: Suit has been filed against you in District Court for tax evasion, amount $5,600.00. Contact (660) 785-4084 within 2 hours to prevent asset seizure."
smishing,"URGENT: the power company will cut off service to your address before end of business today. Outstanding balance $1,247.50 must be settled now: shorturl.at/Verify-Now22"
smishing,"NOTICE OF INTENT TO SUE: $92.50 PAST DUE, CASE CASE-343962. RESPOND IMMEDIATELY OR A JUDGMENT WILL BE FILED AGAINST YOU AT DISTRICT COURT."
smishing,"your water utility ALERT: Disconnection scheduled within 2 hours unless $1,000.00 is paid immediatly. Avoid shutoff: urlz.fr/CaseUpdt9"
smishing,This is local Police Dept. Your visa status is under review due to case CASE-832052. Failure to verify within 30 minutes results in immediate deportation order.
smishing,This is not a joke. We have private footage of you. $589.99 required by tomorrow 9AM to prevent release to your friends and family: bit.ly/PayNow-x1
smishing,This is IRS. You owe $746.32 in back taxes. Case CASE-900581 will be forwarded to law enforcement before end of business today unless payment is confirmed. Reply YES or call (882) 618-6344.
smishing,This is US Marshals! Your visa status is under review due to case CASE-207175! Failure to verify by 5PM today results in immediate deportation order!
smishing,"Your device was hacked and we recorded you. Send $1,000.00 within 2 hours or the footage goes to everyone on your contact list. Details: shorturl.at/SecureLink3"
smishing,"the power company ALERT: Disconnection scheduled by 5PM today unless $3,982.00 is paid immediately. Avoid shutoff: bit.ly/CaseUpdt9"
smishing,This is not a joke. We have private footage of you. $92.50 required within 30 minutes to prevent release to your friends and family: urlz.fr/CaseUpdt9
smishing,"I know your password and have access to your camera. Pay $8,320.75 immediately or the recording gets shared publicly. Payment link: urlz.fr/PayNow-x1"
smishing,ALERT: Federal Marshal's Office has an active warrant CASE-198246 for your arrest regarding unpaid fines of $92.50. Avoid arrest by calling (674) 320-8709 within 2 hours.
smishing,This is Officer Robert #3677 from State Police. Your identity has been used in a crime linked to case CASE-246316. Call (760) 458-8772 by 5PM today or a warrant will be issued.
smishing,"your water utility ALERT: Disconnection scheduled within 30 minutes unless $3,982.00 is paid immediately. Avoid shutoff: shorturl.at/PayNow-x1"
smishing,ALERT: State Police has an active warrant CASE-944962 for your arrest regarding unpaid fines of $450.00. Avoid arrest by calling (909) 980-5067 before end of business today.
smishing,"FINAL NOTICE from your electric company: Your service will be disconnected within 30 minutes due to unpaid balance of $12,450.00. Pay now: urlz.fr/a8Xk2p"
smishing,IRS NOTICE: Your case CASE-781453 shows unpaid taxes of $589!99! Failure to respond before end of business today will result in a legal warrant for your arrest! Call (944) 574-7606 now!
smishing,This is Officer Elizabeth #2291 from FBI Cyber Division. Your identity has been used in a crime linked to case CASE-865179. Call (714) 308-5748 before end of business today or a warrant will be issued.
smishing,We have compromising video from your device camera. Pay $92.50 in crypto within 2 hours to shorturl.at/Verify-Now22 or we send it to all your contacts.
smishing,"your electric company ALERT: Disconnection scheduled before end of business today unless $8,320.75 is paid immediately. Avoid shutoff: bit.ly/ClaimHere7"
smishing,This is IRS Tax Division. You owe $589.99 in back taxes. Case CASE-263032 will be forwarded to law enforcement by tomorrow 9AM unless payment is confirmed. Reply YES or call (659) 830-1086.
smishing,"David, your tax record (case CASE-770487) indicates a discrepancy of $1,000.00. This is your final notice before legal action is taken within 30 minutes."
smishing,Immigration Alert: Case CASE-872246 flagged for review. Contact (903) 440-1474 by tomorrow 9AM or face detainment.
smishing,"URGENT: your gas provider will cut off service to your address before end of business today. Outstanding balance $8,320.75 must be settled now: bit.ly/PayNow-x1"
smishing,Your employment status is under review due to case CASE-356787. Termination proceedings begin by tomorrow 9AM unless you respond: shorturl.at/ClaimHere7
smishing,FINAL NOTICE: Your account with your credit union shows an outstanding balance of $746.32. Legal action will begin within 3 hours. Case ref CASE-850800. Call (204) 771-4860.
smishing,"IRS ALERT: Suit has been filed against you in District Court for tax evasion, amount $450.00. Contact (460) 245-8144 within 30 minutes to prevent asset seizure."
smishing,"ALERT: County Sheriff's Office has an active warrant CASE-671412 for your arrest regarding unpaid fines of $5,600.00. Avoid arrest by calling (509) 893-9530 immediately."
smishing,"I know your password and have access to your camera. Pay $1,247.50 within 3 hours or the recording gets shared publicly. Payment link: tinyurl.com/SecureLink3"
smishing,US Marshals: We have detained an individual using your SSN. Case CASE-731262 requires your statement within 30 minutes. Failure to respond results in immediate arrest.
smishing,This is a legal notice from Federal Marshal's Office. Case CASE-127824 against you proceeds to court within 2 hours unless you respond. Reference: tinyurl.com/Verify-Now22
smishing,your water utility ALERT: Disconnection scheduled before end of business today unless $92.50 is paid immediately. Avoid shutoff: bit.ly/CaseUpdt9
smishing,USCIS NOTICE: Discrepancy found in your immigration file (case CASE-770487). Deportation proceedings begin by tomorrow 9AM unless you respond: bit.ly/CaseUpdt9
smishing,"ALERT: Federal Marshal's Office has an active warrant CASE-476417 for your arrest regarding unpaid fines of $1,247!50! Avoid arrest by calling (652) 838-3389 by tomorrow 9AM!"
smishing,"Debt Recovery Notice: $1,247.50 owed, case CASE-900581. A summons will be filed with Municipal Court before end of business today unless resolved. Contact (777) 466-2006 now."
smishing,"Treasury Dept NOTICE: Your case CASE-865179 shows unpaid taxes of $2,100!00! Failure to respond by 5PM today will result in a legal warrant for your arrest! Call (596) 782-7895 now!"
smishing,Your vehicle was involved in an incident under investigation (case CASE-329258). FBI Cyber Division requires you contact (530) 339-3580 immediately or face legal charges.
smishing,"JOSEPH, YOUR TAX RECORD (CASE CASE-809570) INDICATES A DISCREPANCY OF $1,000.00. THIS IS YOUR FINAL NOTICE BEFORE LEGAL ACTION IS TAKEN WITHIN 3 HOURS."
smishing,"URGENT from IRS Tax Division: An arrest warrant has been issued under case number CASE-106814 due to tax fraud of $2,100.00. Resolve before end of business today to avoid prosecution: urlz.fr/CaseUpdt9"
smishing,"NOTICE OF INTENT TO SUE: $3,982.00 past due, case CASE-671412. Respond immediately or a judgment will be filed against you at County Court."
smishing,"This is IRS. You owe $3,982.00 in back taxes. Case CASE-126225 will be forwarded to law enforcement by tomorrow 9AM unless payment is confirmed. Reply YES or call (216) 327-3588."
smishing,"Debt Recovery Notice: $12,450.00 owed, case CASE-944962. A summons will be filed with County Court by tomorrow 9AM unless resolved. Contact (536) 216-3190 now."
smishing,US Marshals: We have detained an individual using your SSN. Case CASE-131244 requires your statement by 5PM today. Failure to respond results in immediate arrest.
smishing,"FINAL NOTICE: YOUR ACCOUNT WITH CITIBANK SHOWS AN OUTSTANDING BALANCE OF $12,450.00. LEGAL ACTION WILL BEGIN BY 5PM TODAY. CASE REF CASE-832052. CALL (721) 462-6822."
smishing,HR NOTICE: Disciplinary action pending on your file (case CASE-106814) unless you verify employment details by tomorrow 9AM: bit.ly/a8Xk2p
smishing,USCIS NOTICE: Discrepancy found in your immigration file (case CASE-542417). Deportation proceedings begin before end of business today unless you respond: shorturl.at/ClaimHere7
smishing,Your loan is severely delinquent ($746.32). Chase legal dept will pursue court action by tomorrow 9AM. Reply to avoid credit seizure: bit.ly/Verify-Now22
smishing,"URGENT from IRS: An arrest warrant has been issued under case number CASE-329258 due to tax fraud of $2,100.00. Resolve within 2 hours to avoid prosecution: bit.ly/CaseUpdt9"
smishing,"NOTICE OF INTENT TO SUE: $450.00 past due, case CASE-835392. Respond within 3 hours or a judgment will be filed against you at District Court."
smishing,FINAL NOTICE from your water utility: Your service will be disconnected within 3 hours due to unpaid balance of $92.50. Pay now: bit.ly/a8Xk2p
smishing,US Marshals: We have detained an individual using your SSN. Case CASE-629903 requires your statement within 2 hours. Failure to respond results in immediate arrest.
smishing,State Police: We have detained an individual using your SSN. Case CASE-329258 requires your statement by 5PM today. Failure to respond results in immediate arrest.
smishing,Your employment status is under review due to case CASE-835392. Termination proceedings begin by tomorrow 9AM unless you respond: bit.ly/Verify-Now22
smishing,US Marshals: We have detained an individual using your SSN. Case CASE-809570 requires your statement by tomorrow 9AM. Failure to respond results in immediate arrest.
smishing,Your loan is severely delinquent ($746.32). Chase legal dept will pursue court action within 24 hours. Reply to avoid credit seizure: shorturl.at/SecureLink3
smishing,"Sarah, this is your last warning before District Court proceedings begin over unpaid debt of $199.00. Settle before end of business today to avoid wage garnishment: shorturl.at/CaseUpdt9"
smishing,"IRS ALERT: Suit has been filed against you in County Court for tax evasion, amount $5,600.00. Contact (570) 424-3266 immediately to prevent asset seizure."
smishing,Your loan is severely delinquent ($199.00). Chase legal dept will pursue court action within 3 hours. Reply to avoid credit seizure: shorturl.at/PayNow-x1
smishing,URGENT from Federal Tax Bureau: An arrest warrant has been issued under case number CASE-456778 due to tax fraud of $450.00. Resolve within 24 hours to avoid prosecution: bit.ly/SecureLink3
smishing,Your loan is severely delinquent ($450.00). your credit union legal dept will pursue court action before end of business today. Reply to avoid credit seizure: tinyurl.com/PayNow-x1
smishing,local Police Dept: We have detained an individual using your SSN. Case CASE-106814 requires your statement within 24 hours. Failure to respond results in immediate arrest.
smishing,Your SSN has been suspended due to suspicious tax activity linked to case CASE-733052. Verify identity by tomorrow 9AM or face legal consequences: bit.ly/ClaimHere7
smishing,URGENT from Treasury Dept: An arrest warrant has been issued under case number CASE-356787 due to tax fraud of $746.32. Resolve within 24 hours to avoid prosecution: shorturl.at/PayNow-x1
smishing,Your SSN has been suspended due to suspicious tax activity linked to case CASE-388389. Verify identity within 30 minutes or face legal consequences: bit.ly/ClaimHere7
smishing,Your SSN has been suspended due to suspicious tax activity linked to case CASE-126225. Verify identity within 30 minutes or face legal consequences: shorturl.at/CaseUpdt9
smishing,Your employment status is under review due to case CASE-850800. Termination proceedings begin within 2 hours unless you respond: urlz.fr/CaseUpdt9
smishing,local Police Dept: We have detained an individual using your SSN. Case CASE-197251 requires your statement by 5PM today. Failure to respond results in immediate arrest.
smishing,This is a legal notice from FBI Cyber Division. Case CASE-391369 against you proceeds to court immediately unless you respond. Reference: urlz.fr/Verify-Now22
smishing,"Your device was hacked and we recorded you. Send $2,100.00 by tomorrow 9AM or the footage goes to everyone on your contact list. Details: urlz.fr/ClaimHere7"
smishing,"IRS ALERT: Suit has been filed against you in Municipal Court for tax evasion, amount $3,982.00. Contact (846) 900-5708 within 30 minutes to prevent asset seizure."
smishing,"This is not a joke. We have private footage of you. $1,000.00 required immediately to prevent release to your friends and family: tinyurl.com/a8Xk2p"
smishing,Your SSN has been suspended due to suspicious tax activity linked to case CASE-388389. Verify identity within 24 hours or face legal consequences: shorturl.at/Verify-Now22
smishing,"I know your password and have access to your camera. Pay $2,100.00 immediately or the recording gets shared publicly. Payment link: tinyurl.com/a8Xk2p"
smishing,Your loan is severely delinquent ($199.00). your bank legal dept will pursue court action within 24 hours. Reply to avoid credit seizure: urlz.fr/SecureLink3
smishing,FINAL NOTICE: Your account with your bank shows an outstanding balance of $746.32. Legal action will begin by 5PM today. Case ref CASE-542417. Call (989) 608-2461.
smishing,HR NOTICE: Disciplinary action pending on your file (case CASE-456778) unless you verify employment details within 3 hours: urlz.fr/Verify-Now22
smishing,IMMIGRATION ALERT: CASE CASE-900581 FLAGGED FOR REVIEW. CONTACT (973) 739-2679 WITHIN 30 MINUTES OR FACE DETAINMENT.
smishing,"Your device was hacked and we recorded you. Send $5,600.00 within 24 hours or the footage goes to everyone on your contact list. Details: bit.ly/Verify-Now22"
smishing,"This is not a joke. We have private footage of you. $2,100.00 required before end of business today to prevent release to your friends and family: shorturl.at/a8Xk2p"
smishing,"Jennifer, this is your last warning before Superior Court proceedings begin over unpaid debt of $1,247.50. Settle immediately to avoid wage garnishment: shorturl.at/CaseUpdt9"
smishing,This is not a joke. We have private footage of you. $199.00 required immediately to prevent release to your friends and family: tinyurl.com/a8Xk2p
smishing,This is a legal notice from FBI Cyber Division. Case CASE-391369 against you proceeds to court within 3 hours unless you respond. Reference: shorturl.at/CaseUpdt9
smishing,USCIS NOTICE: Discrepancy found in your immigration file (case CASE-719176). Deportation proceedings begin before end of business today unless you respond: urlz.fr/CaseUpdt9
smishing,"Your loan is severely delinquent ($3,982!00)! your credit union legal dept will pursue court action by 5PM today! Reply to avoid credit seizure: bit!ly/Verify-Now22"
smishing,"This is not a joke. We have private footage of you. $8,320.75 required within 24 hours to prevent release to your friends and family: urlz.fr/a8Xk2p"
smishing,This is a legal notice from FBI Cyber Division! Case CASE-325772 against you proceeds to court before end of business today unless you respond! Reference: bit!ly/ClaimHere7
smishing,"Debt Recovery Notice: $1,000.00 owed, case CASE-671858. A summons will be filed with District Court within 24 hours unless resolved. Contact (668) 289-2313 now."
smishing,I know your password and have access to your camera. Pay $450.00 immediately or the recording gets shared publicly. Payment link: tinyurl.com/PayNow-x1
smishing,"Maria, this is your last warning before District Court proceedings begin over unpaid debt of $450.00. Settle within 30 minutes to avoid wage garnishment: tinyurl.com/ClaimHere7"
smishing,Your assets are subject to seizure under case CASE-201414 unless resolved within 24 hours. Call (450) 673-2144 immediatly.
smishing,"ALERT: STATE POLICE HAS AN ACTIVE WARRANT CASE-308496 FOR YOUR ARREST REGARDING UNPAID FINES OF $5,600.00. AVOID ARREST BY CALLING (200) 943-1567 BEFORE END OF BUSINESS TODAY."
smishing,"Jennifer, your tax record (case CASE-988662) indicates a discrepancy of $8,320.75. This is your final notice before legal action is taken by 5PM today."
smishing,URGENT from IRS: An arrest warrant has been issued under case number CASE-872246 due to tax fraud of $746.32. Resolve within 3 hours to avoid prosecution: shorturl.at/PayNow-x1
smishing,ALERT: County Sheriff's Office has an active warrant CASE-452944 for your arrest regarding unpaid fines of $92.50. Avoid arrest by calling (464) 942-3999 within 3 hours.
smishing,"Richard, this is your last warning before County Court proceedings begin over unpaid debt of $5,600.00. Settle within 3 hours to avoid wage garnishment: urlz.fr/PayNow-x1"
smishing,HR NOTICE: Disciplinary action pending on your file (case CASE-809570) unless you verify employment details by 5PM today: shorturl.at/ClaimHere7
smishing,"ALERT: US Marshals has an active warrant CASE-126225 for your arrest regarding unpaid fines of $3,982.00. Avoid arrest by calling (714) 784-9467 by 5PM today."
smishing,We have compromising video from your device camera! Pay $92!50 in crypto within 30 minutes to bit!ly/SecureLink3 or we send it to all your contacts!
smishing,Your SSN has been suspended due to suspicious tax activity linked to case CASE-876646. Verify identity by tomorrow 9AM or face legal consequences: shorturl.at/SecureLink3
smishing,"THIS IS IRS TAX DIVISION. YOU OWE $12,450.00 IN BACK TAXES. CASE CASE-343962 WILL BE FORWARDED TO LAW ENFORCEMENT BY TOMORROW 9AM UNLESS PAYMENT IS CONFIRMED. REPLY YES OR CALL (534) 545-7211."
smishing,This is Officer James #9785 from FBI Cyber Division. Your identity has been used in a crime linked to case CASE-133326. Call (307) 275-6600 by 5PM today or a warrant will be issued.
smishing,"NOTICE OF INTENT TO SUE: $199!00 past due, case CASE-131244! Respond within 3 hours or a judgment will be filed against you at District Court!"
smishing,This is a legal notice from FBI Cyber Division. Case CASE-343962 against you proceeds to court within 24 hours unless you respond. Reference: bit.ly/a8Xk2p
smishing,"This is not a joke. We have private footage of you. $8,320.75 required by 5PM today to prevent release to your friends and family: shorturl.at/a8Xk2p"
smishing,Your employment status is under review due to case CASE-895667. Termination proceedings begin immediately unless you respond: urlz.fr/PayNow-x1
smishing,"URGENT: the power company will cut off service to your address immediately. Outstanding balance $2,100.00 must be settled now: tinyurl.com/PayNow-x1"
smishing,HR NOTICE: Disciplinary action pending on your file (case CASE-671412) unless you verify employment details within 2 hours: tinyurl.com/Verify-Now22
smishing,"Debt Recovery Notice: $199.00 owed, case CASE-197251. A summons will be filed with District Court within 3 hours unless resolved. Contact (651) 887-2927 now."
smishing,Your employment status is under review due to case CASE-145561. Termination proceedings begin before end of business today unless you respond: bit.ly/ClaimHere7
smishing,"I know your password and have access to your camera. Pay $1,247.50 within 2 hours or the recording gets shared publicly. Payment link: tinyurl.com/Verify-Now22"
smishing,"Debt Recovery Notice: $8,320.75 owed, case CASE-476417. A summons will be filed with Municipal Court within 2 hours unless resolved. Contact (509) 799-5979 now."
smishing,Your employment status is under review due to case CASE-246316. Termination proceedings begin within 30 minutes unless you respond: shorturl.at/CaseUpdt9
smishing,THIS IS A LEGAL NOTICE FROM COUNTY SHERIFF'S OFFICE. CASE CASE-145561 AGAINST YOU PROCEEDS TO COURT WITHIN 30 MINUTES UNLESS YOU RESPOND. REFERENCE: TINYURL.COM/CASEUPDT9
smishing,"Your device was hacked and we recorded you. Send $8,320.75 before end of business today or the footage goes to everyone on your contact list. Details: bit.ly/PayNow-x1"
smishing,USCIS NOTICE: Discrepancy found in your immigration file (case CASE-377370). Deportation proceedings begin before end of business today unless you respond: urlz.fr/PayNow-x1
smishing,"Your account with your water utility is past due ($2,100.00). Service termination within 30 minutes. Prevent shutoff by calling (241) 200-1854."
smishing,"Treasury Dept NOTICE: Your case CASE-343962 shows unpaid taxes of $1,000.00. Failure to respond immediately will result in a legal warrant for your arrest. Call (379) 405-3165 now."
smishing,"Your account with your gas provider is past due ($1,247.50). Service termination by tomorrow 9AM. Prevent shutoff by calling (927) 541-9484."
smishing,"This is not a joke. We have private footage of you. $1,000.00 required within 24 hours to prevent release to your friends and family: bit.ly/Verify-Now22"
smishing,Your employment status is under review due to case CASE-452944. Termination proceedings begin within 24 hours unless you respond: bit.ly/CaseUpdt9
smishing,Your device was hacked and we recorded you. Send $450.00 within 2 hours or the footage goes to everyone on your contact list. Details: bit.ly/CaseUpdt9
smishing,This is State Police. Your visa status is under review due to case CASE-731262. Failure to verify by 5PM today results in immediate deportation order.
smishing,"IRS Tax Division NOTICE: Your case CASE-733052 shows unpaid taxes of $3,982.00. Failure to respond within 30 minutes will result in a legal warrant for your arrest. Call (414) 955-6744 now."
smishing,"ALERT: US MARSHALS HAS AN ACTIVE WARRANT CASE-267414 FOR YOUR ARREST REGARDING UNPAID FINES OF $3,982.00. AVOID ARREST BY CALLING (877) 508-9037 WITHIN 3 HOURS."
smishing,"Your device was hacked and we recorded you. Send $1,000.00 before end of business today or the footage goes to everyone on your contact list. Details: bit.ly/CaseUpdt9"
smishing,HR NOTICE: Disciplinary action pending on your file (case CASE-126225) unless you verify employment details immediately: tinyurl.com/ClaimHere7
smishing,Your account with your water utility is past due ($92.50). Service termination within 24 hours. Prevent shutoff by calling (683) 820-3955.
smishing,"FINAL NOTICE from the power company: Your service will be disconnected by 5PM today due to unpaid balance of $2,100.00. Pay now: tinyurl.com/PayNow-x1"
smishing,This is a legal notice from Federal Marshal's Office. Case CASE-343962 against you proceeds to court by tomorrow 9AM unless you respond. Reference: shorturl.at/SecureLink3
smishing,"I know your password and have access to your camera. Pay $1,000.00 by 5PM today or the recording gets shared publicly. Payment link: urlz.fr/SecureLink3"
smishing,"This is not a joke. We have private footage of you. $2,100.00 required immediately to prevent release to your friends and family: shorturl.at/CaseUpdt9"
smishing,"IRS NOTICE: Your case CASE-329258 shows unpaid taxes of $5,600.00. Failure to respond within 24 hours will result in a legal warrant for your arrest. Call (543) 491-8444 now."
smishing,USCIS NOTICE: Discrepancy found in your immigration file (case CASE-877572). Deportation proceedings begin by 5PM today unless you respond: urlz.fr/Verify-Now22
smishing,"Debt Recovery Notice: $92.50 owed, case CASE-988662. A summons will be filed with District Court within 2 hours unless resolved. Contact (957) 878-1895 now."
smishing,"NOTICE OF INTENT TO SUE: $2,100!00 past due, case CASE-325772! Respond by 5PM today or a judgment will be filed against you at District Court!"
smishing,local Police Dept: We have detained an individual using your SSN. Case CASE-133326 requires your statement within 24 hours. Failure to respond results in immediate arrest.
smishing,We have compromising video from your device camera. Pay $450.00 in crypto by tomorrow 9AM to bit.ly/ClaimHere7 or we send it to all your contacts.
smishing,"FINAL NOTICE from your electric company: Your service will be disconnected before end of business today due to unpaid balance of $1,247.50. Pay now: bit.ly/a8Xk2p"
smishing,This is US Marshals. Your visa status is under review due to case CASE-498382. Failure to verify within 3 hours results in immediate deportation order.
smishing,This is not a joke. We have private footage of you. $746.32 required by tomorrow 9AM to prevent release to your friends and family: shorturl.at/a8Xk2p
smishing,Your employment status is under review due to case CASE-131244. Termination proceedings begin within 2 hours unless you respond: bit.ly/SecureLink3
smishing,"YOUR DEVICE WAS HACKED AND WE RECORDED YOU. SEND $5,600.00 WITHIN 30 MINUTES OR THE FOOTAGE GOES TO EVERYONE ON YOUR CONTACT LIST. DETAILS: SHORTURL.AT/CASEUPDT9"
smishing,Your vehicle was involved in an incident under investigation (case CASE-872246). County Sheriff's Office requires you contact (964) 600-9941 before end of business today or face legal charges.
smishing,Federal Marshal's Office: We have detained an individual using your SSN. Case CASE-267414 requires your statement by tomorrow 9AM. Failure to respond results in immediate arrest.
smishing,Court order CASE-106814 authorizes seizure of your property within 30 minutes. Contact (360) 396-7491 to halt this action.
smishing,I KNOW YOUR PASSWORD AND HAVE ACCESS TO YOUR CAMERA. PAY $746.32 WITHIN 3 HOURS OR THE RECORDING GETS SHARED PUBLICLY. PAYMENT LINK: BIT.LY/CLAIMHERE7
smishing,Your account with your gas provider is past due ($450.00). Service termination within 3 hours. Prevent shutoff by calling (516) 395-1673.
smishing,"Joseph, your tax record (case CASE-191161) indicates a discrepancy of $450.00. This is your final notice before legal action is taken within 2 hours."
smishing,This is State Police. Your visa status is under review due to case CASE-733052. Failure to verify within 24 hours results in immediate deportation order.
smishing,This is a legal notice from Federal Marshal's Office. Case CASE-719176 against you proceeds to court within 3 hours unless you respond. Reference: urlz.fr/Verify-Now22
smishing,Court order CASE-543143 authorizes seizure of your property by tomorrow 9AM. Contact (475) 434-5306 to halt this action.
smishing,"Joseph, this is your last warning before County Court proceedings begin over unpaid debt of $2,100!00! Settle immediately to avoid wage garnishment: urlz!fr/a8Xk2p"
smishing,We have compromising video from your device camera. Pay $92.50 in crypto immediately to bit.ly/CaseUpdt9 or we send it to all your contacts.
smishing,Your loan is severely delinquent ($199.00). your bank legal dept will pursue court action within 24 hours. Reply to avoid credit seizure: tinyurl.com/a8Xk2p
smishing,"YOUR DEVICE WAS HACKED AND WE RECORDED YOU. SEND $8,320.75 BY TOMORROW 9AM OR THE FOOTAGE GOES TO EVERYONE ON YOUR CONTACT LIST. DETAILS: BIT.LY/A8XK2P"
smishing,State Police: We have detained an individual using your SSN! Case CASE-988662 requires your statement immediately! Failure to respond results in immediate arrest!
smishing,"URGENT: your water utility will cut off service to your address immediately. Outstanding balance $3,982.00 must be settled now: shorturl.at/CaseUpdt9"
smishing,Immigration Alert: Case CASE-343962 flagged for review! Contact (733) 525-4119 within 2 hours or face detainment!
smishing,Federal Marshal's Office: We have detained an individual using your SSN. Case CASE-900581 requires your statement within 24 hours. Failure to respond results in immediate arrest.
smishing,"NOTICE OF INTENT TO SUE: $3,982.00 past due, case CASE-356787. Respond immediately or a judgment will be filed against you at District Court."
smishing,HR NOTICE: DISCIPLINARY ACTION PENDING ON YOUR FILE (CASE CASE-145561) UNLESS YOU VERIFY EMPLOYMENT DETAILS WITHIN 3 HOURS: SHORTURL.AT/VERIFY-NOW22
smishing,"IRS ALERT: Suit has been filed against you in Superior Court for tax evasion, amount $746!32! Contact (639) 774-1430 within 30 minutes to prevent asset seizure!"
smishing,"Your loan is severely delinquent ($8,320.75). Chase legal dept will pursue court action within 30 minutes. Reply to avoid credit seizure: urlz.fr/Verify-Now22"
smishing,"John, your tax record (case CASE-329258) indicates a discrepancy of $1,000.00. This is your final notice before legal action is taken within 2 hours."
smishing,"Debt Recovery Notice: $199.00 owed, case CASE-207175. A summons will be filed with Municipal Court within 2 hours unless resolved. Contact (232) 640-2951 now."
smishing,"Robert, this is your last warning before District Court proceedings begin over unpaid debt of $12,450.00. Settle by tomorrow 9AM to avoid wage garnishment: bit.ly/CaseUpdt9"
smishing,"NOTICE OF INTENT TO SUE: $12,450.00 past due, case CASE-145561. Respond immediatly or a judgment will be filed against you at Municipal Court."
smishing,"I know your password and have access to your camera. Pay $8,320.75 by 5PM today or the recording gets shared publicly. Payment link: tinyurl.com/PayNow-x1"
smishing,"URGENT from Internal Revenue Service: An arrest warrant has been issued under case number CASE-452944 due to tax fraud of $8,320.75. Resolve before end of business today to avoid prosecution: shorturl.at/a8Xk2p"
smishing,"ALERT: State Police has an active warrant CASE-543143 for your arrest regarding unpaid fines of $12,450.00. Avoid arrest by calling (993) 352-6993 immediately."
smishing,"Your device was hacked and we recorded you. Send $1,000.00 by 5PM today or the footage goes to everyone on your contact list. Details: bit.ly/Verify-Now22"
smishing,Your SSN has been suspended due to suspicious tax activity linked to case CASE-308496. Verify identity within 3 hours or face legal consequences: urlz.fr/ClaimHere7
smishing,"NOTICE OF INTENT TO SUE: $199.00 past due, case CASE-246316. Respond within 2 hours or a judgment will be filed against you at District Court."
smishing,URGENT from IRS: An arrest warrant has been issued under case number CASE-865179 due to tax fraud of $450.00. Resolve within 24 hours to avoid prosecution: shorturl.at/SecureLink3
smishing,HR NOTICE: Disciplinary action pending on your file (case CASE-334053) unless you verify employment details immediately: tinyurl.com/Verify-Now22
smishing,This is Officer Michael #8428 from County Sheriff's Office. Your identity has been used in a crime linked to case CASE-207473. Call (549) 602-3248 within 24 hours or a warrant will be issued.
smishing,This is FBI Cyber Division. Your visa status is under review due to case CASE-539898. Failure to verify within 24 hours results in immediate deportation order.
smishing,"Your loan is severely delinquent ($8,320.75). your credit union legal dept will pursue court action before end of business today. Reply to avoid credit seizure: bit.ly/PayNow-x1"
smishing,"URGENT from Federal Tax Bureau: An arrest warrant has been issued under case number CASE-809570 due to tax fraud of $2,100.00. Resolve immediately to avoid prosecution: tinyurl.com/Verify-Now22"
smishing,"IRS ALERT: Suit has been filed against you in Municipal Court for tax evasion, amount $92.50. Contact (262) 690-7580 within 2 hours to prevent asset seizure."
smishing,"FINAL NOTICE: YOUR ACCOUNT WITH BANK OF AMERICA SHOWS AN OUTSTANDING BALANCE OF $1,000.00. LEGAL ACTION WILL BEGIN BY 5PM TODAY. CASE REF CASE-770487. CALL (376) 847-1818."
smishing,"FINAL NOTICE: Your account with your bank shows an outstanding balance of $1,000.00. Legal action will begin by 5PM today. Case ref CASE-542417. Call (314) 784-9196."
smishing,HR NOTICE: Disciplinary action pending on your file (case CASE-832052) unless you verify employment details by tomorrow 9AM: shorturl.at/a8Xk2p
smishing,THIS IS OFFICER DAVID #2169 FROM US MARSHALS. YOUR IDENTITY HAS BEEN USED IN A CRIME LINKED TO CASE CASE-770487. CALL (293) 348-8727 IMMEDIATLY OR A WARRANT WILL BE ISSUED.
smishing,Your assets are subject to seizure under case CASE-946335 unless resolved within 24 hours. Call (791) 672-8523 immediately.
smishing,"URGENT: your water utility will cut off service to your address before end of business today. Outstanding balance $2,100.00 must be settled now: urlz.fr/Verify-Now22"
smishing,"URGENT from Treasury Dept: An arrest warrant has been issued under case number CASE-781453 due to tax fraud of $1,247.50. Resolve within 3 hours to avoid prosecution: tinyurl.com/SecureLink3"
smishing,"IRS ALERT: Suit has been filed against you in Municipal Court for tax evasion, amount $450.00. Contact (530) 451-2419 before end of business today to prevent asset seizure."
smishing,Your employment status is under review due to case CASE-781453! Termination proceedings begin within 2 hours unless you respond: urlz!fr/CaseUpdt9
smishing,Your vehicle was involved in an incident under investigation (case CASE-731262). Federal Marshal's Office requires you contact (603) 902-3863 by tomorrow 9AM or face legal charges.
smishing,"Your account with the power company is past due ($1,000.00). Service termination by tomorrow 9AM. Prevent shutoff by calling (209) 362-6861."
smishing,Your SSN has been suspended due to suspicious tax activity linked to case CASE-877572. Verify identity within 3 hours or face legal consequences: urlz.fr/CaseUpdt9
smishing,WE HAVE COMPROMISING VIDEO FROM YOUR DEVICE CAMERA. PAY $746.32 IN CRYPTO WITHIN 24 HOURS TO SHORTURL.AT/VERIFY-NOW22 OR WE SEND IT TO ALL YOUR CONTACTS.
smishing,Your loan is severely delinquent ($199!00)! your bank legal dept will pursue court action within 3 hours! Reply to avoid credit seizure: bit!ly/CaseUpdt9
smishing,Your employment status is under review due to case CASE-460663! Termination proceedings begin by tomorrow 9AM unless you respond: tinyurl!com/ClaimHere7
smishing,"FINAL NOTICE from your electric company: Your service will be disconnected by tomorrow 9AM due to unpaid balance of $3,982.00. Pay now: urlz.fr/SecureLink3"
smishing,URGENT: the power company will cut off service to your address within 2 hours. Outstanding balance $92.50 must be settled now: urlz.fr/PayNow-x1
smishing,I know your password and have access to your camera. Pay $199.00 by tomorrow 9AM or the recording gets shared publicly. Payment link: shorturl.at/SecureLink3
smishing,This is Officer Susan #2139 from State Police. Your identity has been used in a crime linked to case CASE-145561. Call (699) 315-7738 by tomorrow 9AM or a warrant will be issued.
smishing,"Joseph, your tax record (case CASE-543143) indicates a discrepancy of $2,100.00. This is your final notice before legal action is taken within 24 hours."
smishing,URGENT: your gas provider will cut off service to your address by 5PM today. Outstanding balance $199.00 must be settled now: tinyurl.com/ClaimHere7
smishing,USCIS NOTICE: Discrepancy found in your immigration file (case CASE-629903). Deportation proceedings begin immediately unless you respond: urlz.fr/SecureLink3
smishing,Your SSN has been suspended due to suspicious tax activity linked to case CASE-331148. Verify identity by 5PM today or face legal consequences: bit.ly/PayNow-x1
smishing,Your assets are subject to seizure under case CASE-133326 unless resolved within 2 hours. Call (477) 704-3892 immediately.
smishing,"Your device was hacked and we recorded you! Send $3,982!00 within 30 minutes or the footage goes to everyone on your contact list! Details: shorturl!at/a8Xk2p"
smishing,Immigration Alert: Case CASE-850800 flagged for review. Contact (225) 534-6902 within 24 hours or face detainment.
smishing,"This is Federal Tax Bureau. You owe $3,982.00 in back taxes. Case CASE-944962 will be forwarded to law enforcement within 2 hours unless payment is confirmed. Reply YES or call (359) 361-1815."
smishing,URGENT: your electric company will cut off service to your address by 5PM today. Outstanding balance $199.00 must be settled now: urlz.fr/SecureLink3
smishing,the power company ALERT: Disconnection scheduled by 5PM today unless $199.00 is paid immediately. Avoid shutoff: shorturl.at/PayNow-x1
smishing,"David, this is your last warning before Municipal Court proceedings begin over unpaid debt of $1,000.00. Settle within 2 hours to avoid wage garnishment: shorturl.at/CaseUpdt9"
smishing,USCIS NOTICE: Discrepancy found in your immigration file (case CASE-865179). Deportation proceedings begin within 30 minutes unless you respond: shorturl.at/CaseUpdt9
smishing,"Your loan is severely delinquent ($8,320.75). your bank legal dept will pursue court action before end of business today. Reply to avoid credit seizure: tinyurl.com/SecureLink3"
smishing,"NOTICE OF INTENT TO SUE: $3,982.00 past due, case CASE-201414. Respond immediately or a judgment will be filed against you at Municipal Court."
smishing,"URGENT from Internal Revenue Service: An arrest warrant has been issued under case number CASE-539898 due to tax fraud of $2,100!00! Resolve within 30 minutes to avoid prosecution: tinyurl!com/PayNow-x1"
smishing,"David, this is your last warning before Superior Court proceedings begin over unpaid debt of $92.50. Settle within 3 hours to avoid wage garnishment: urlz.fr/PayNow-x1"
smishing,Your assets are subject to seizure under case CASE-731262 unless resolved by 5PM today. Call (713) 521-9574 immediately.
smishing,Immigration Alert: Case CASE-456778 flagged for review. Contact (305) 948-4546 within 30 minutes or face detainment.
smishing,Your loan is severely delinquent ($746.32). Bank of America legal dept will pursue court action within 3 hours. Reply to avoid credit seizure: bit.ly/CaseUpdt9
smishing,"I know your password and have access to your camera. Pay $12,450.00 within 2 hours or the recording gets shared publicly. Payment link: urlz.fr/ClaimHere7"
smishing,This is not a joke. We have private footage of you. $199.00 required within 3 hours to prevent release to your friends and family: shorturl.at/ClaimHere7
smishing,"Maria, your tax record (case CASE-629903) indicates a discrepancy of $450.00. This is your final notice before legal action is taken by 5PM today."
smishing,"This is not a joke! We have private footage of you! $12,450!00 required by tomorrow 9AM to prevent release to your friends and family: tinyurl!com/a8Xk2p"
smishing,This is a legal notice from State Police. Case CASE-391704 against you proceeds to court before end of business today unless you respond. Reference: urlz.fr/CaseUpdt9
smishing,NOTICE: Your bank account will be frozen within 3 hours due to case CASE-460663. Verify identity now: shorturl.at/PayNow-x1
smishing,USCIS NOTICE: Discrepancy found in your immigration file (case CASE-308496). Deportation proceedings begin within 30 minutes unless you respond: shorturl.at/a8Xk2p
smishing,"Susan, your tax record (case CASE-126225) indicates a discrepancy of $8,320.75. This is your final notice before legal action is taken within 24 hours."
smishing,HR NOTICE: Disciplinary action pending on your file (case CASE-207175) unless you verify employment details before end of business today: urlz.fr/Verify-Now22
smishing,Your employment status is under review due to case CASE-308496. Termination proceedings begin within 2 hours unless you respond: tinyurl.com/SecureLink3
smishing,"IRS ALERT: Suit has been filed against you in Superior Court for tax evasion, amount $92.50. Contact (777) 242-1464 within 3 hours to prevent asset seizure."
smishing,This is a legal notice from US Marshals. Case CASE-832052 against you proceeds to court within 30 minutes unless you respond. Reference: shorturl.at/Verify-Now22
smishing,This is a legal notice from local Police Dept. Case CASE-781453 against you proceeds to court by 5PM today unless you respond. Reference: shorturl.at/a8Xk2p
smishing,Your employment status is under review due to case CASE-719176. Termination proceedings begin within 24 hours unless you respond: shorturl.at/SecureLink3
smishing,"Your loan is severely delinquent ($1,000!00)! Citibank legal dept will pursue court action within 30 minutes! Reply to avoid credit seizure: urlz!fr/a8Xk2p"
smishing,"We have compromising video from your device camera. Pay $12,450.00 in crypto within 2 hours to tinyurl.com/Verify-Now22 or we send it to all your contacts."
smishing,"IRS ALERT: Suit has been filed against you in County Court for tax evasion, amount $199.00. Contact (661) 653-5871 immediately to prevent asset seizure."
smishing,"URGENT: the power company will cut off service to your address within 24 hours! Outstanding balance $12,450!00 must be settled now: shorturl!at/a8Xk2p"
smishing,"IRS ALERT: Suit has been filed against you in Superior Court for tax evasion, amount $199.00. Contact (517) 672-8404 within 24 hours to prevent asset seizure."
smishing,your gas provider ALERT: Disconnection scheduled by tomorrow 9AM unless $746.32 is paid immediately. Avoid shutoff: bit.ly/CaseUpdt9
smishing,"YOUR ELECTRIC COMPANY ALERT: DISCONNECTION SCHEDULED WITHIN 24 HOURS UNLESS $1,247.50 IS PAID IMMEDIATLY. AVOID SHUTOFF: TINYURL.COM/CLAIMHERE7"
smishing,"Debt Recovery Notice: $1,000.00 owed, case CASE-197251. A summons will be filed with District Court before end of business today unless resolved. Contact (535) 346-2609 now."
smishing,Your assets are subject to seizure under case CASE-476417 unless resolved by tomorrow 9AM. Call (607) 942-1653 immediately.
smishing,State Police: We have detained an individual using your SSN. Case CASE-850800 requires your statement within 30 minutes. Failure to respond results in immediate arrest.
smishing,URGENT: your gas provider will cut off service to your address by tomorrow 9AM. Outstanding balance $746.32 must be settled now: urlz.fr/SecureLink3
smishing,URGENT: the power company will cut off service to your address within 2 hours. Outstanding balance $450.00 must be settled now: bit.ly/a8Xk2p
smishing,This is a legal notice from US Marshals. Case CASE-388389 against you proceeds to court immediately unless you respond. Reference: tinyurl.com/ClaimHere7
smishing,"Your account with your gas provider is past due ($1,000.00). Service termination within 3 hours. Prevent shutoff by calling (865) 482-4441."
smishing,"This is not a joke. We have private footage of you. $3,982.00 required within 30 minutes to prevent release to your friends and family: tinyurl.com/a8Xk2p"
smishing,Your employment status is under review due to case CASE-543143. Termination proceedings begin immediately unless you respond: urlz.fr/a8Xk2p
smishing,"Treasury Dept NOTICE: Your case CASE-781453 shows unpaid taxes of $3,982.00. Failure to respond before end of business today will result in a legal warrant for your arrest. Call (894) 894-8972 now."
smishing,FINAL NOTICE from the power company: Your service will be disconnected within 2 hours due to unpaid balance of $589.99. Pay now: bit.ly/CaseUpdt9
smishing,"NOTICE OF INTENT TO SUE: $12,450.00 past due, case CASE-948749. Respond within 30 minutes or a judgment will be filed against you at Superior Court."
smishing,"Your account with the power company is past due ($5,600.00). Service termination immediately. Prevent shutoff by calling (258) 840-1170."
smishing,Your vehicle was involved in an incident under investigation (case CASE-452944). County Sheriff's Office requires you contact (490) 653-3071 by 5PM today or face legal charges.
smishing,"Your account with your gas provider is past due ($8,320.75). Service termination within 24 hours. Prevent shutoff by calling (723) 459-7714."
smishing,IMMIGRATION ALERT: CASE CASE-571029 FLAGGED FOR REVIEW! CONTACT (233) 872-3458 WITHIN 3 HOURS OR FACE DETAINMENT!
smishing,your electric company ALERT: Disconnection scheduled before end of business today unless $589.99 is paid immediately. Avoid shutoff: tinyurl.com/PayNow-x1
smishing,URGENT from Federal Tax Bureau: An arrest warrant has been issued under case number CASE-106814 due to tax fraud of $746.32. Resolve immediately to avoid prosecution: shorturl.at/Verify-Now22
smishing,"Your loan is severely delinquent ($1,247.50). Citibank legal dept will pursue court action by tomorrow 9AM. Reply to avoid credit seizure: shorturl.at/a8Xk2p"
smishing,"Your account with the power company is past due ($1,000.00). Service termination within 30 minutes. Prevent shutoff by calling (656) 633-5451."
smishing,"IRS NOTICE: Your case CASE-865179 shows unpaid taxes of $8,320.75. Failure to respond within 2 hours will result in a legal warrant for your arrest. Call (493) 618-3948 now."
smishing,"I know your password and have access to your camera. Pay $3,982.00 within 3 hours or the recording gets shared publicly. Payment link: urlz.fr/SecureLink3"
smishing,"This is IRS. You owe $12,450.00 in back taxes. Case CASE-131244 will be forwarded to law enforcement before end of business today unless payment is confirmed. Reply YES or call (372) 999-8492."
smishing,URGENT: your electric company will cut off service to your address within 24 hours. Outstanding balance $746.32 must be settled now: urlz.fr/PayNow-x1
smishing,"FINAL NOTICE from your water utility: Your service will be disconnected within 2 hours due to unpaid balance of $1,000.00. Pay now: tinyurl.com/PayNow-x1"
smishing,"Patricia, this is your last warning before Municipal Court proceedings begin over unpaid debt of $450.00. Settle within 24 hours to avoid wage garnishment: bit.ly/a8Xk2p"
smishing,"IRS ALERT: Suit has been filed against you in County Court for tax evasion, amount $199!00! Contact (531) 920-5794 by 5PM today to prevent asset seizure!"
smishing,FINAL NOTICE from your water utility: Your service will be disconnected by 5PM today due to unpaid balance of $746.32. Pay now: urlz.fr/CaseUpdt9
smishing,USCIS NOTICE: Discrepancy found in your immigration file (case CASE-781453). Deportation proceedings begin within 30 minutes unless you respond: bit.ly/ClaimHere7
smishing,This is a legal notice from local Police Dept. Case CASE-308496 against you proceeds to court within 2 hours unless you respond. Reference: urlz.fr/CaseUpdt9
smishing,your gas provider ALERT: Disconnection scheduled by 5PM today unless $450.00 is paid immediately. Avoid shutoff: tinyurl.com/CaseUpdt9
smishing,"Your account with the power company is past due ($12,450.00). Service termination immediately. Prevent shutoff by calling (305) 917-9230."
smishing,Your device was hacked and we recorded you. Send $92.50 within 24 hours or the footage goes to everyone on your contact list. Details: tinyurl.com/a8Xk2p
smishing,Your employment status is under review due to case CASE-391704. Termination proceedings begin immediately unless you respond: urlz.fr/ClaimHere7
smishing,"IRS ALERT: Suit has been filed against you in County Court for tax evasion, amount $8,320.75. Contact (540) 510-1251 within 30 minutes to prevent asset seizure."
smishing,"This is not a joke. We have private footage of you. $8,320.75 required within 24 hours to prevent release to your friends and family: bit.ly/ClaimHere7"
smishing,"URGENT from Federal Tax Bureau: An arrest warrant has been issued under case number CASE-216739 due to tax fraud of $1,000.00. Resolve by tomorrow 9AM to avoid prosecution: shorturl.at/SecureLink3"
smishing,HR NOTICE: Disciplinary action pending on your file (case CASE-543143) unless you verify employment details immediately: bit.ly/Verify-Now22
smishing,Federal Tax Bureau NOTICE: Your case CASE-356787 shows unpaid taxes of $589.99. Failure to respond within 24 hours will result in a legal warrant for your arrest. Call (809) 269-4853 now.
smishing,NOTICE: Your bank account will be frozen within 30 minutes due to case CASE-127824. Verify identity now: bit.ly/PayNow-x1
smishing,This is a legal notice from US Marshals! Case CASE-377370 against you proceeds to court within 2 hours unless you respond! Reference: bit!ly/ClaimHere7
smishing,"URGENT from IRS: An arrest warrant has been issued under case number CASE-216739 due to tax fraud of $1,000.00. Resolve by 5PM today to avoid prosecution: bit.ly/CaseUpdt9"
smishing,Immigration Alert: Case CASE-334053 flagged for review. Contact (839) 679-3563 by tomorrow 9AM or face detainment.
smishing,YOUR VEHICLE WAS INVOLVED IN AN INCIDENT UNDER INVESTIGATION (CASE CASE-201414). STATE POLICE REQUIRES YOU CONTACT (854) 262-6913 IMMEDIATLY OR FACE LEGAL CHARGES.
smishing,This is Officer Susan #6820 from State Police. Your identity has been used in a crime linked to case CASE-770487. Call (471) 414-5088 within 24 hours or a warrant will be issued.
smishing,"Debt Recovery Notice: $746.32 owed, case CASE-542417. A summons will be filed with Superior Court within 2 hours unless resolved. Contact (642) 919-7459 now."
smishing,"Debt Recovery Notice: $589.99 owed, case CASE-781453. A summons will be filed with County Court by tomorrow 9AM unless resolved. Contact (337) 519-7374 now."
smishing,This is Officer Linda #7572 from County Sheriff's Office. Your identity has been used in a crime linked to case CASE-106814. Call (789) 865-9821 by 5PM today or a warrant will be issued.
smishing,"Robert, this is your last warning before District Court proceedings begin over unpaid debt of $92!50! Settle within 24 hours to avoid wage garnishment: bit!ly/SecureLink3"
smishing,"FINAL NOTICE: Your account with Citibank shows an outstanding balance of $1,000.00. Legal action will begin by tomorrow 9AM. Case ref CASE-539898. Call (646) 613-2148."
smishing,This is Officer Linda #8527 from US Marshals. Your identity has been used in a crime linked to case CASE-688508. Call (955) 944-6038 within 24 hours or a warrant will be issued.
smishing,Your assets are subject to seizure under case CASE-629903 unless resolved within 30 minutes. Call (774) 715-6059 immediatly.
smishing,This is Officer Michael #7201 from Federal Marshal's Office. Your identity has been used in a crime linked to case CASE-865179. Call (643) 799-8912 by 5PM today or a warrant will be issued.
smishing,"I know your password and have access to your camera. Pay $5,600.00 immediately or the recording gets shared publicly. Payment link: tinyurl.com/SecureLink3"
smishing,Your vehicle was involved in an incident under investigation (case CASE-207175). County Sheriff's Office requires you contact (699) 437-2029 before end of business today or face legal charges.
smishing,Your device was hacked and we recorded you. Send $746.32 before end of business today or the footage goes to everyone on your contact list. Details: urlz.fr/SecureLink3
smishing,"NOTICE OF INTENT TO SUE: $12,450.00 past due, case CASE-571029. Respond by tomorrow 9AM or a judgment will be filed against you at Superior Court."
smishing,This is a legal notice from FBI Cyber Division. Case CASE-542417 against you proceeds to court by tomorrow 9AM unless you respond. Reference: bit.ly/CaseUpdt9
smishing,"NOTICE OF INTENT TO SUE: $746.32 past due, case CASE-946335. Respond within 2 hours or a judgment will be filed against you at Municipal Court."
smishing,USCIS NOTICE: Discrepancy found in your immigration file (case CASE-877572). Deportation proceedings begin before end of business today unless you respond: urlz.fr/PayNow-x1
smishing,"Internal Revenue Service NOTICE: Your case CASE-343962 shows unpaid taxes of $3,982.00. Failure to respond within 30 minutes will result in a legal warrant for your arrest. Call (512) 319-3999 now."
smishing,"Sarah, your tax record (case CASE-671858) indicates a discrepancy of $8,320.75. This is your final notice before legal action is taken within 3 hours."
smishing,FINAL NOTICE: Your account with your credit union shows an outstanding balance of $589.99. Legal action will begin by tomorrow 9AM. Case ref CASE-207473. Call (842) 671-9797.
smishing,This is a legal notice from Federal Marshal's Office. Case CASE-543143 against you proceeds to court within 24 hours unless you respond. Reference: urlz.fr/a8Xk2p
smishing,Your vehicle was involved in an incident under investigation (case CASE-850800). County Sheriff's Office requires you contact (937) 527-5444 within 24 hours or face legal charges.
smishing,"your electric company ALERT: Disconnection scheduled within 24 hours unless $8,320.75 is paid immediately. Avoid shutoff: bit.ly/Verify-Now22"
smishing,USCIS NOTICE: Discrepancy found in your immigration file (case CASE-629903). Deportation proceedings begin within 2 hours unless you respond: shorturl.at/PayNow-x1
smishing,Your vehicle was involved in an incident under investigation (case CASE-770487). Federal Marshal's Office requires you contact (954) 920-2124 within 24 hours or face legal charges.
smishing,YOUR ACCOUNT WITH YOUR ELECTRIC COMPANY IS PAST DUE ($589.99). SERVICE TERMINATION WITHIN 30 MINUTES. PREVENT SHUTOFF BY CALLING (654) 367-6036.
smishing,This is State Police. Your visa status is under review due to case CASE-145561. Failure to verify immediately results in immediate deportation order.
smishing,This is Officer Richard #1525 from FBI Cyber Division. Your identity has been used in a crime linked to case CASE-391369. Call (669) 919-7997 within 24 hours or a warrant will be issued.
smishing,Your vehicle was involved in an incident under investigation (case CASE-809570). Federal Marshal's Office requires you contact (862) 620-1367 within 30 minutes or face legal charges.
smishing,This is Internal Revenue Service. You owe $589.99 in back taxes. Case CASE-263032 will be forwarded to law enforcement within 30 minutes unless payment is confirmed. Reply YES or call (349) 928-6277.
smishing,"IRS ALERT: Suit has been filed against you in Superior Court for tax evasion, amount $199.00. Contact (838) 896-2946 before end of business today to prevent asset seizure."
smishing,"Your loan is severely delinquent ($12,450.00). your bank legal dept will pursue court action within 30 minutes. Reply to avoid credit seizure: shorturl.at/CaseUpdt9"
smishing,"This is not a joke. We have private footage of you. $1,247.50 required by 5PM today to prevent release to your friends and family: tinyurl.com/a8Xk2p"
smishing,"Your device was hacked and we recorded you. Send $1,000.00 by tomorrow 9AM or the footage goes to everyone on your contact list. Details: tinyurl.com/Verify-Now22"
smishing,Your vehicle was involved in an incident under investigation (case CASE-543143). local Police Dept requires you contact (531) 305-9542 before end of business today or face legal charges.
smishing,This is not a joke. We have private footage of you. $199.00 required within 24 hours to prevent release to your friends and family: shorturl.at/CaseUpdt9
smishing,"We have compromising video from your device camera. Pay $8,320.75 in crypto within 2 hours to bit.ly/SecureLink3 or we send it to all your contacts."
smishing,"I KNOW YOUR PASSWORD AND HAVE ACCESS TO YOUR CAMERA. PAY $3,982.00 BY TOMORROW 9AM OR THE RECORDING GETS SHARED PUBLICLY. PAYMENT LINK: URLZ.FR/VERIFY-NOW22"
smishing,"Debt Recovery Notice: $8,320.75 owed, case CASE-900581. A summons will be filed with District Court by tomorrow 9AM unless resolved. Contact (301) 357-6959 now."
smishing,I know your password and have access to your camera! Pay $92!50 by tomorrow 9AM or the recording gets shared publicly! Payment link: bit!ly/SecureLink3
smishing,Treasury Dept NOTICE: Your case CASE-197251 shows unpaid taxes of $450.00. Failure to respond within 3 hours will result in a legal warrant for your arrest. Call (719) 473-1042 now.
smishing,"Your account with your electric company is past due ($3,982.00). Service termination within 3 hours. Prevent shutoff by calling (244) 819-3475."
smishing,NOTICE: Your bank account will be frozen within 30 minutes due to case CASE-809570. Verify identity now: shorturl.at/SecureLink3
smishing,Immigration Alert: Case CASE-629903 flagged for review. Contact (588) 292-6460 by 5PM today or face detainment.
smishing,Your vehicle was involved in an incident under investigation (case CASE-106814). local Police Dept requires you contact (857) 597-9026 before end of business today or face legal charges.
smishing,"FINAL NOTICE from your electric company: Your service will be disconnected within 2 hours due to unpaid balance of $3,982.00. Pay now: shorturl.at/a8Xk2p"
smishing,"Robert, this is your last warning before Municipal Court proceedings begin over unpaid debt of $8,320.75. Settle by 5PM today to avoid wage garnishment: tinyurl.com/PayNow-x1"
smishing,Court order CASE-201414 authorizes seizure of your property within 24 hours. Contact (780) 735-5062 to halt this action.
smishing,your water utility ALERT: Disconnection scheduled within 3 hours unless $199.00 is paid immediately. Avoid shutoff: shorturl.at/CaseUpdt9
smishing,"I know your password and have access to your camera. Pay $12,450.00 within 2 hours or the recording gets shared publicly. Payment link: urlz.fr/Verify-Now22"
smishing,FINAL NOTICE from the power company: Your service will be disconnected within 3 hours due to unpaid balance of $589.99. Pay now: bit.ly/Verify-Now22
smishing,"Debt Recovery Notice: $5,600.00 owed, case CASE-126225. A summons will be filed with District Court by tomorrow 9AM unless resolved. Contact (306) 958-1859 now."
smishing,Your employment status is under review due to case CASE-476417. Termination proceedings begin immediately unless you respond: urlz.fr/ClaimHere7
smishing,This is Officer Sarah #6168 from State Police. Your identity has been used in a crime linked to case CASE-629903. Call (565) 331-4842 within 24 hours or a warrant will be issued.
smishing,"ALERT: local Police Dept has an active warrant CASE-688508 for your arrest regarding unpaid fines of $3,982.00. Avoid arrest by calling (715) 802-6015 by 5PM today."
smishing,"This is not a joke. We have private footage of you. $5,600.00 required before end of business today to prevent release to your friends and family: urlz.fr/SecureLink3"
smishing,"David, this is your last warning before Municipal Court proceedings begin over unpaid debt of $5,600.00. Settle by 5PM today to avoid wage garnishment: tinyurl.com/SecureLink3"
smishing,"FINAL NOTICE from the power company: Your service will be disconnected within 30 minutes due to unpaid balance of $3,982.00. Pay now: shorturl.at/Verify-Now22"
smishing,"IRS ALERT: Suit has been filed against you in County Court for tax evasion, amount $589.99. Contact (764) 214-7684 before end of business today to prevent asset seizure."
smishing,US Marshals: We have detained an individual using your SSN. Case CASE-498382 requires your statement within 2 hours. Failure to respond results in immediate arrest.
smishing,USCIS NOTICE: Discrepancy found in your immigration file (case CASE-731262). Deportation proceedings begin within 24 hours unless you respond: shorturl.at/SecureLink3
smishing,Your vehicle was involved in an incident under investigation (case CASE-191161). local Police Dept requires you contact (374) 853-5781 within 24 hours or face legal charges.
smishing,This is local Police Dept. Your visa status is under review due to case CASE-267414. Failure to verify within 2 hours results in immediate deportation order.
smishing,"This is not a joke. We have private footage of you. $1,000.00 required by tomorrow 9AM to prevent release to your friends and family: shorturl.at/a8Xk2p"
smishing,"NOTICE OF INTENT TO SUE: $1,000.00 past due, case CASE-770487. Respond within 2 hours or a judgment will be filed against you at Municipal Court."
smishing,HR NOTICE: Disciplinary action pending on your file (case CASE-944962) unless you verify employment details immediatly: tinyurl.com/SecureLink3
smishing,"IRS ALERT: Suit has been filed against you in District Court for tax evasion, amount $746.32. Contact (885) 933-6147 within 30 minutes to prevent asset seizure."
smishing,"IRS ALERT: Suit has been filed against you in Municipal Court for tax evasion, amount $1,000.00. Contact (290) 647-2734 within 3 hours to prevent asset seizure."
smishing,Your vehicle was involved in an incident under investigation (case CASE-809570). County Sheriff's Office requires you contact (397) 431-1528 immediately or face legal charges.
smishing,FINAL NOTICE: Your account with your credit union shows an outstanding balance of $92.50. Legal action will begin by 5PM today. Case ref CASE-946335. Call (788) 259-9516.
smishing,Your device was hacked and we recorded you. Send $92.50 within 3 hours or the footage goes to everyone on your contact list. Details: shorturl.at/CaseUpdt9
smishing,Your account with your gas provider is past due ($92.50). Service termination within 30 minutes. Prevent shutoff by calling (932) 315-9057.
smishing,Immigration Alert: Case CASE-832052 flagged for review. Contact (585) 425-4205 within 2 hours or face detainment.
smishing,"I know your password and have access to your camera. Pay $5,600.00 by tomorrow 9AM or the recording gets shared publicly. Payment link: urlz.fr/PayNow-x1"
smishing,"Your device was hacked and we recorded you! Send $12,450!00 by tomorrow 9AM or the footage goes to everyone on your contact list! Details: shorturl!at/SecureLink3"
smishing,USCIS NOTICE: Discrepancy found in your immigration file (case CASE-263032). Deportation proceedings begin within 3 hours unless you respond: shorturl.at/ClaimHere7
smishing,Your account with your gas provider is past due ($746.32). Service termination by 5PM today. Prevent shutoff by calling (764) 631-4973.
smishing,IRS Tax Division NOTICE: Your case CASE-498382 shows unpaid taxes of $746.32. Failure to respond within 3 hours will result in a legal warrant for your arrest. Call (838) 909-7512 now.
smishing,I know your password and have access to your camera. Pay $589.99 by 5PM today or the recording gets shared publicly. Payment link: bit.ly/ClaimHere7
smishing,Your assets are subject to seizure under case CASE-539898 unless resolved within 24 hours. Call (275) 532-7779 immediately.
smishing,"FINAL NOTICE: Your account with Wells Fargo shows an outstanding balance of $8,320.75. Legal action will begin immediately. Case ref CASE-452944. Call (517) 901-3151."
smishing,"ALERT: local Police Dept has an active warrant CASE-835392 for your arrest regarding unpaid fines of $8,320.75. Avoid arrest by calling (480) 414-3762 by 5PM today."
smishing,"This is not a joke. We have private footage of you. $1,247.50 required immediately to prevent release to your friends and family: urlz.fr/a8Xk2p"
smishing,Your SSN has been suspended due to suspicious tax activity linked to case CASE-571029. Verify identity by 5PM today or face legal consequences: urlz.fr/ClaimHere7
smishing,Your device was hacked and we recorded you. Send $746.32 within 2 hours or the footage goes to everyone on your contact list. Details: bit.ly/PayNow-x1
smishing,FINAL NOTICE: Your account with Chase shows an outstanding balance of $450.00. Legal action will begin by tomorrow 9AM. Case ref CASE-106814. Call (517) 779-8411.
smishing,Your account with your electric company is past due ($746.32). Service termination within 30 minutes. Prevent shutoff by calling (309) 266-4471.
smishing,FBI Cyber Division: We have detained an individual using your SSN. Case CASE-865179 requires your statement within 2 hours. Failure to respond results in immediate arrest.
smishing,"NOTICE OF INTENT TO SUE: $2,100.00 past due, case CASE-872246. Respond by tomorrow 9AM or a judgment will be filed against you at District Court."
smishing,IRS Tax Division NOTICE: Your case CASE-334053 shows unpaid taxes of $746!32! Failure to respond immediately will result in a legal warrant for your arrest! Call (287) 318-3321 now!
smishing,Your assets are subject to seizure under case CASE-671858 unless resolved by 5PM today. Call (418) 514-9221 immediately.
smishing,"FINAL NOTICE: Your account with your credit union shows an outstanding balance of $5,600.00. Legal action will begin within 24 hours. Case ref CASE-895667. Call (544) 479-2102."
smishing,YOUR ACCOUNT WITH YOUR ELECTRIC COMPANY IS PAST DUE ($92.50). SERVICE TERMINATION BY 5PM TODAY. PREVENT SHUTOFF BY CALLING (551) 555-8928.
smishing,WE HAVE COMPROMISING VIDEO FROM YOUR DEVICE CAMERA. PAY $589.99 IN CRYPTO WITHIN 30 MINUTES TO TINYURL.COM/A8XK2P OR WE SEND IT TO ALL YOUR CONTACTS.
smishing,"NOTICE OF INTENT TO SUE: $746.32 past due, case CASE-476417. Respond within 3 hours or a judgment will be filed against you at Municipal Court."
smishing,"Elizabeth, your tax record (case CASE-629903) indicates a discrepancy of $2,100.00. This is your final notice before legal action is taken by tomorrow 9AM."
smishing,This is Officer Maria #4432 from State Police. Your identity has been used in a crime linked to case CASE-542417. Call (857) 828-4994 within 2 hours or a warrant will be issued.
smishing,NOTICE: Your bank account will be frozen by tomorrow 9AM due to case CASE-191161. Verify identity now: shorturl.at/a8Xk2p
smishing,This is not a joke. We have private footage of you. $746.32 required immediately to prevent release to your friends and family: bit.ly/Verify-Now22
smishing,YOUR SSN HAS BEEN SUSPENDED DUE TO SUSPICIOUS TAX ACTIVITY LINKED TO CASE CASE-329258. VERIFY IDENTITY WITHIN 24 HOURS OR FACE LEGAL CONSEQUENCES: BIT.LY/PAYNOW-X1
smishing,"Debt Recovery Notice: $8,320.75 owed, case CASE-948749. A summons will be filed with County Court within 30 minutes unless resolved. Contact (617) 497-8011 now."
smishing,Immigration Alert: Case CASE-543143 flagged for review. Contact (819) 483-8756 immediatly or face detainment.
smishing,"ALERT: US Marshals has an active warrant CASE-872246 for your arrest regarding unpaid fines of $1,000.00. Avoid arrest by calling (875) 321-4764 by tomorrow 9AM."
smishing,"Debt Recovery Notice: $1,247.50 owed, case CASE-391704. A summons will be filed with Municipal Court within 24 hours unless resolved. Contact (656) 893-2431 now."
smishing,This is Officer William #9785 from County Sheriff's Office. Your identity has been used in a crime linked to case CASE-127824. Call (700) 808-8308 by 5PM today or a warrant will be issued.
smishing,IMMIGRATION ALERT: CASE CASE-770487 FLAGGED FOR REVIEW! CONTACT (528) 470-3929 WITHIN 24 HOURS OR FACE DETAINMENT!
smishing,"URGENT from Treasury Dept: An arrest warrant has been issued under case number CASE-731262 due to tax fraud of $1,247.50. Resolve within 3 hours to avoid prosecution: urlz.fr/PayNow-x1"
smishing,YOUR LOAN IS SEVERELY DELINQUENT ($92.50). YOUR BANK LEGAL DEPT WILL PURSUE COURT ACTION BY TOMORROW 9AM. REPLY TO AVOID CREDIT SEIZURE: URLZ.FR/VERIFY-NOW22
smishing,This is State Police. Your visa status is under review due to case CASE-198246. Failure to verify immediately results in immediate deportation order.
smishing,FINAL NOTICE: Your account with your credit union shows an outstanding balance of $589.99. Legal action will begin within 3 hours. Case ref CASE-145561. Call (321) 816-7694.
smishing,your water utility ALERT: Disconnection scheduled by tomorrow 9AM unless $92.50 is paid immediately. Avoid shutoff: bit.ly/Verify-Now22
smishing,We have compromising video from your device camera. Pay $450.00 in crypto by tomorrow 9AM to tinyurl.com/a8Xk2p or we send it to all your contacts.
smishing,your gas provider ALERT: Disconnection scheduled within 2 hours unless $92.50 is paid immediately. Avoid shutoff: tinyurl.com/Verify-Now22
smishing,"This is not a joke. We have private footage of you. $12,450.00 required within 24 hours to prevent release to your friends and family: urlz.fr/SecureLink3"
smishing,"We have compromising video from your device camera. Pay $1,000.00 in crypto by 5PM today to tinyurl.com/CaseUpdt9 or we send it to all your contacts."
smishing,Court order CASE-688508 authorizes seizure of your property within 24 hours. Contact (620) 393-1475 to halt this action.
smishing,Your employment status is under review due to case CASE-197251. Termination proceedings begin within 3 hours unless you respond: urlz.fr/Verify-Now22
smishing,"your electric company ALERT: Disconnection scheduled within 3 hours unless $1,000.00 is paid immediately. Avoid shutoff: urlz.fr/Verify-Now22"
smishing,Your employment status is under review due to case CASE-191161. Termination proceedings begin within 3 hours unless you respond: shorturl.at/a8Xk2p
smishing,Your assets are subject to seizure under case CASE-343962 unless resolved within 2 hours. Call (533) 771-4267 immediately.
smishing,This is not a joke. We have private footage of you. $450.00 required within 30 minutes to prevent release to your friends and family: urlz.fr/a8Xk2p
smishing,ALERT: STATE POLICE HAS AN ACTIVE WARRANT CASE-832052 FOR YOUR ARREST REGARDING UNPAID FINES OF $450.00. AVOID ARREST BY CALLING (614) 643-6183 WITHIN 2 HOURS.
smishing,Your device was hacked and we recorded you. Send $199.00 within 2 hours or the footage goes to everyone on your contact list. Details: tinyurl.com/a8Xk2p
smishing,URGENT from Federal Tax Bureau: An arrest warrant has been issued under case number CASE-133326 due to tax fraud of $589.99. Resolve within 24 hours to avoid prosecution: bit.ly/CaseUpdt9
smishing,ALERT: Federal Marshal's Office has an active warrant CASE-356787 for your arrest regarding unpaid fines of $199.00. Avoid arrest by calling (390) 403-9202 by tomorrow 9AM.
smishing,This is FBI Cyber Division. Your visa status is under review due to case CASE-325772. Failure to verify before end of business today results in immediate deportation order.
smishing,"This is Federal Tax Bureau. You owe $1,000.00 in back taxes. Case CASE-717889 will be forwarded to law enforcement before end of business today unless payment is confirmed. Reply YES or call (370) 580-3079."
smishing,"We have compromising video from your device camera. Pay $8,320.75 in crypto by 5PM today to urlz.fr/Verify-Now22 or we send it to all your contacts."
smishing,"FINAL NOTICE from your gas provider: Your service will be disconnected by 5PM today due to unpaid balance of $12,450.00. Pay now: bit.ly/SecureLink3"
smishing,This is IRS Tax Division. You owe $746.32 in back taxes. Case CASE-127824 will be forwarded to law enforcement within 24 hours unless payment is confirmed. Reply YES or call (335) 289-4070.
smishing,"Your loan is severely delinquent ($3,982.00). Bank of America legal dept will pursue court action by 5PM today. Reply to avoid credit seizure: urlz.fr/ClaimHere7"
smishing,Your vehicle was involved in an incident under investigation (case CASE-671858). Federal Marshal's Office requires you contact (948) 582-1230 within 3 hours or face legal charges.
smishing,This is IRS Tax Division. You owe $746.32 in back taxes. Case CASE-770487 will be forwarded to law enforcement immediately unless payment is confirmed. Reply YES or call (597) 997-2387.
smishing,"THIS IS NOT A JOKE! WE HAVE PRIVATE FOOTAGE OF YOU! $12,450!00 REQUIRED BEFORE END OF BUSINESS TODAY TO PREVENT RELEASE TO YOUR FRIENDS AND FAMILY: BIT!LY/PAYNOW-X1"
smishing,NOTICE: Your bank account will be frozen within 30 minutes due to case CASE-895667. Verify identity now: shorturl.at/Verify-Now22
smishing,USCIS NOTICE: Discrepancy found in your immigration file (case CASE-542417). Deportation proceedings begin by tomorrow 9AM unless you respond: bit.ly/ClaimHere7
smishing,"Joseph, this is your last warning before County Court proceedings begin over unpaid debt of $92.50. Settle by tomorrow 9AM to avoid wage garnishment: bit.ly/SecureLink3"
smishing,"URGENT from Treasury Dept: An arrest warrant has been issued under case number CASE-946335 due to tax fraud of $1,247.50. Resolve within 2 hours to avoid prosecution: shorturl.at/CaseUpdt9"
smishing,Your SSN has been suspended due to suspicious tax activity linked to case CASE-543143. Verify identity within 24 hours or face legal consequences: shorturl.at/PayNow-x1
smishing,YOUR EMPLOYMENT STATUS IS UNDER REVIEW DUE TO CASE CASE-717889. TERMINATION PROCEEDINGS BEGIN WITHIN 2 HOURS UNLESS YOU RESPOND: URLZ.FR/PAYNOW-X1
smishing,County Sheriff's Office: We have detained an individual using your SSN. Case CASE-850800 requires your statement within 3 hours. Failure to respond results in immediate arrest.
smishing,This is not a joke. We have private footage of you. $92.50 required within 24 hours to prevent release to your friends and family: shorturl.at/Verify-Now22
smishing,Your vehicle was involved in an incident under investigation (case CASE-356787). US Marshals requires you contact (581) 550-3996 within 24 hours or face legal charges.
smishing,"IRS ALERT: Suit has been filed against you in County Court for tax evasion, amount $8,320.75. Contact (623) 547-8430 within 30 minutes to prevent asset seizure."
smishing,FINAL NOTICE from your water utility: Your service will be disconnected by 5PM today due to unpaid balance of $450.00. Pay now: bit.ly/PayNow-x1
smishing,USCIS NOTICE: Discrepancy found in your immigration file (case CASE-106814). Deportation proceedings begin immediately unless you respond: bit.ly/ClaimHere7
smishing,URGENT from Treasury Dept: An arrest warrant has been issued under case number CASE-460663 due to tax fraud of $199.00. Resolve by tomorrow 9AM to avoid prosecution: urlz.fr/a8Xk2p
smishing,State Police: We have detained an individual using your SSN. Case CASE-308496 requires your statement immediately. Failure to respond results in immediate arrest.
smishing,Your loan is severely delinquent ($92.50). Wells Fargo legal dept will pursue court action immediately. Reply to avoid credit seizure: shorturl.at/PayNow-x1
smishing,Immigration Alert: Case CASE-835392 flagged for review. Contact (769) 404-4206 immediately or face detainment.
smishing,"Debt Recovery Notice: $2,100.00 owed, case CASE-126225. A summons will be filed with District Court by 5PM today unless resolved. Contact (908) 782-1977 now."
smishing,"DEBT RECOVERY NOTICE: $746.32 OWED, CASE CASE-216739. A SUMMONS WILL BE FILED WITH SUPERIOR COURT BY TOMORROW 9AM UNLESS RESOLVED. CONTACT (346) 345-7910 NOW."
smishing,This is Federal Marshal's Office. Your visa status is under review due to case CASE-539898. Failure to verify within 30 minutes results in immediate deportation order.
smishing,This is Officer Michael #8527 from State Police. Your identity has been used in a crime linked to case CASE-543143. Call (410) 904-6175 immediately or a warrant will be issued.
smishing,"Your loan is severely delinquent ($1,000!00)! your credit union legal dept will pursue court action within 30 minutes! Reply to avoid credit seizure: tinyurl!com/CaseUpdt9"
smishing,HR NOTICE: Disciplinary action pending on your file (case CASE-356787) unless you verify employment details immediately: bit.ly/a8Xk2p
smishing,ALERT: Federal Marshal's Office has an active warrant CASE-207473 for your arrest regarding unpaid fines of $199.00. Avoid arrest by calling (326) 242-1082 immediately.
smishing,This is Officer David #6925 from County Sheriff's Office! Your identity has been used in a crime linked to case CASE-835392! Call (677) 521-7660 within 24 hours or a warrant will be issued!
smishing,Your employment status is under review due to case CASE-334053. Termination proceedings begin by tomorrow 9AM unless you respond: urlz.fr/SecureLink3
smishing,Your employment status is under review due to case CASE-133326. Termination proceedings begin immediately unless you respond: shorturl.at/SecureLink3
smishing,FINAL NOTICE from the power company: Your service will be disconnected within 2 hours due to unpaid balance of $92.50. Pay now: urlz.fr/CaseUpdt9
smishing,Your account with the power company is past due ($450!00)! Service termination within 30 minutes! Prevent shutoff by calling (709) 751-9745!
smishing,URGENT from IRS Tax Division: An arrest warrant has been issued under case number CASE-498382 due to tax fraud of $450.00. Resolve within 24 hours to avoid prosecution: urlz.fr/ClaimHere7
smishing,"Your account with your electric company is past due ($2,100!00)! Service termination within 2 hours! Prevent shutoff by calling (536) 418-8624!"
smishing,"IRS ALERT: Suit has been filed against you in District Court for tax evasion, amount $12,450!00! Contact (284) 474-3526 within 24 hours to prevent asset seizure!"
smishing,This is US Marshals. Your visa status is under review due to case CASE-733052. Failure to verify by tomorrow 9AM results in immediate deportation order.
smishing,"IRS ALERT: Suit has been filed against you in County Court for tax evasion, amount $3,982.00. Contact (987) 454-6816 within 24 hours to prevent asset seizure."
smishing,We have compromising video from your device camera. Pay $450.00 in crypto within 2 hours to bit.ly/PayNow-x1 or we send it to all your contacts.
smishing,Your employment status is under review due to case CASE-876646. Termination proceedings begin by 5PM today unless you respond: urlz.fr/SecureLink3
smishing,URGENT: your water utility will cut off service to your address by tomorrow 9AM. Outstanding balance $199.00 must be settled now: tinyurl.com/SecureLink3
smishing,This is a legal notice from State Police. Case CASE-948749 against you proceeds to court within 3 hours unless you respond. Reference: tinyurl.com/Verify-Now22
smishing,Your assets are subject to seizure under case CASE-719176 unless resolved within 2 hours. Call (571) 930-5771 immediately.
smishing,"URGENT from Treasury Dept: An arrest warrant has been issued under case number CASE-944962 due to tax fraud of $1,000!00! Resolve before end of business today to avoid prosecution: shorturl!at/SecureLink3"
smishing,"your electric company ALERT: Disconnection scheduled before end of business today unless $1,247.50 is paid immediately. Avoid shutoff: bit.ly/PayNow-x1"
smishing,"James, this is your last warning before Municipal Court proceedings begin over unpaid debt of $746.32. Settle within 24 hours to avoid wage garnishment: urlz.fr/a8Xk2p"
smishing,I know your password and have access to your camera. Pay $450.00 immediatly or the recording gets shared publicly. Payment link: tinyurl.com/CaseUpdt9
smishing,FINAL NOTICE from your gas provider: Your service will be disconnected within 24 hours due to unpaid balance of $746!32! Pay now: urlz!fr/SecureLink3
smishing,"We have compromising video from your device camera. Pay $12,450.00 in crypto by tomorrow 9AM to shorturl.at/Verify-Now22 or we send it to all your contacts."
smishing,FINAL NOTICE: Your account with Citibank shows an outstanding balance of $199.00. Legal action will begin within 30 minutes. Case ref CASE-207175. Call (687) 714-1305.
smishing,This is a legal notice from State Police. Case CASE-145561 against you proceeds to court within 3 hours unless you respond. Reference: bit.ly/Verify-Now22
smishing,Your employment status is under review due to case CASE-876646. Termination proceedings begin within 2 hours unless you respond: tinyurl.com/PayNow-x1
smishing,"This is Internal Revenue Service. You owe $8,320.75 in back taxes. Case CASE-452944 will be forwarded to law enforcement immediately unless payment is confirmed. Reply YES or call (774) 209-2832."
smishing,This is a legal notice from FBI Cyber Division! Case CASE-377370 against you proceeds to court by tomorrow 9AM unless you respond! Reference: shorturl!at/PayNow-x1
smishing,Internal Revenue Service NOTICE: Your case CASE-571029 shows unpaid taxes of $746.32. Failure to respond within 30 minutes will result in a legal warrant for your arrest. Call (949) 789-6224 now.
smishing,"Treasury Dept NOTICE: Your case CASE-325772 shows unpaid taxes of $5,600.00. Failure to respond within 24 hours will result in a legal warrant for your arrest. Call (708) 666-9368 now."
smishing,Your loan is severely delinquent ($746.32). Wells Fargo legal dept will pursue court action by 5PM today. Reply to avoid credit seizure: tinyurl.com/ClaimHere7
smishing,YOUR LOAN IS SEVERELY DELINQUENT ($450.00). YOUR BANK LEGAL DEPT WILL PURSUE COURT ACTION WITHIN 30 MINUTES. REPLY TO AVOID CREDIT SEIZURE: BIT.LY/SECURELINK3
smishing,the power company ALERT: Disconnection scheduled within 24 hours unless $589!99 is paid immediately! Avoid shutoff: urlz!fr/a8Xk2p
smishing,"Debt Recovery Notice: $450.00 owed, case CASE-246316. A summons will be filed with Municipal Court by tomorrow 9AM unless resolved. Contact (706) 837-6681 now."
smishing,your gas provider ALERT: Disconnection scheduled within 24 hours unless $199.00 is paid immediately. Avoid shutoff: urlz.fr/Verify-Now22
smishing,"We have compromising video from your device camera. Pay $3,982.00 in crypto within 3 hours to bit.ly/ClaimHere7 or we send it to all your contacts."
smishing,"NOTICE OF INTENT TO SUE: $92.50 PAST DUE, CASE CASE-539898. RESPOND BEFORE END OF BUSINESS TODAY OR A JUDGMENT WILL BE FILED AGAINST YOU AT MUNICIPAL COURT."
smishing,FINAL NOTICE: Your account with Bank of America shows an outstanding balance of $199.00. Legal action will begin by tomorrow 9AM. Case ref CASE-127824. Call (914) 803-4033.
smishing,FBI Cyber Division: We have detained an individual using your SSN. Case CASE-191161 requires your statement within 3 hours. Failure to respond results in immediate arrest.
smishing,This is Officer Sarah #5386 from County Sheriff's Office. Your identity has been used in a crime linked to case CASE-733052. Call (494) 214-6624 within 24 hours or a warrant will be issued.
smishing,"We have compromising video from your device camera. Pay $5,600.00 in crypto within 3 hours to shorturl.at/ClaimHere7 or we send it to all your contacts."
smishing,This is a legal notice from County Sheriff's Office. Case CASE-133326 against you proceeds to court within 24 hours unless you respond. Reference: urlz.fr/CaseUpdt9
smishing,"This is not a joke. We have private footage of you. $1,000.00 required by tomorrow 9AM to prevent release to your friends and family: shorturl.at/ClaimHere7"
smishing,This is County Sheriff's Office. Your visa status is under review due to case CASE-106814. Failure to verify within 24 hours results in immediate deportation order.
smishing,"Robert, your tax record (case CASE-872246) indicates a discrepancy of $5,600.00. This is your final notice before legal action is taken within 24 hours."
smishing,Your assets are subject to seizure under case CASE-263032 unless resolved before end of business today. Call (661) 916-5225 immediately.
smishing,This is Officer Jennifer #6925 from FBI Cyber Division. Your identity has been used in a crime linked to case CASE-733052. Call (748) 552-7732 before end of business today or a warrant will be issued.
smishing,This is IRS Tax Division. You owe $199.00 in back taxes. Case CASE-571029 will be forwarded to law enforcement immediately unless payment is confirmed. Reply YES or call (365) 404-3267.
smishing,"IRS ALERT: Suit has been filed against you in County Court for tax evasion, amount $3,982.00. Contact (604) 553-3399 immediately to prevent asset seizure."
smishing,"NOTICE OF INTENT TO SUE: $8,320.75 PAST DUE, CASE CASE-832052. RESPOND WITHIN 24 HOURS OR A JUDGMENT WILL BE FILED AGAINST YOU AT COUNTY COURT."
smishing,"URGENT: your water utility will cut off service to your address immediately. Outstanding balance $3,982.00 must be settled now: tinyurl.com/SecureLink3"
smishing,"Your device was hacked and we recorded you. Send $1,000.00 within 30 minutes or the footage goes to everyone on your contact list. Details: bit.ly/Verify-Now22"
smishing,"FINAL NOTICE: Your account with your credit union shows an outstanding balance of $3,982.00. Legal action will begin immediately. Case ref CASE-946335. Call (907) 540-9698."
smishing,URGENT: your water utility will cut off service to your address within 30 minutes. Outstanding balance $92.50 must be settled now: shorturl.at/Verify-Now22
smishing,"URGENT from Federal Tax Bureau: An arrest warrant has been issued under case number CASE-201414 due to tax fraud of $2,100.00. Resolve within 30 minutes to avoid prosecution: tinyurl.com/SecureLink3"
smishing,We have compromising video from your device camera. Pay $589.99 in crypto before end of business today to urlz.fr/a8Xk2p or we send it to all your contacts.
smishing,the power company ALERT: Disconnection scheduled by tomorrow 9AM unless $589.99 is paid immediately. Avoid shutoff: tinyurl.com/SecureLink3
smishing,This is a legal notice from US Marshals. Case CASE-197251 against you proceeds to court before end of business today unless you respond. Reference: bit.ly/CaseUpdt9
smishing,Your account with your water utility is past due ($92.50). Service termination by tomorrow 9AM. Prevent shutoff by calling (287) 384-2775.
smishing,USCIS NOTICE: Discrepancy found in your immigration file (case CASE-452944)! Deportation proceedings begin within 30 minutes unless you respond: bit!ly/CaseUpdt9
smishing,WE HAVE COMPROMISING VIDEO FROM YOUR DEVICE CAMERA. PAY $450.00 IN CRYPTO WITHIN 3 HOURS TO TINYURL.COM/VERIFY-NOW22 OR WE SEND IT TO ALL YOUR CONTACTS.
smishing,"Debt Recovery Notice: $2,100.00 owed, case CASE-198246. A summons will be filed with Superior Court immediately unless resolved. Contact (469) 827-5321 now."
smishing,This is Officer Jennifer #3664 from local Police Dept. Your identity has been used in a crime linked to case CASE-900581. Call (790) 590-2285 within 2 hours or a warrant will be issued.
smishing,This is US Marshals. Your visa status is under review due to case CASE-872246. Failure to verify within 30 minutes results in immediate deportation order.
smishing,"INTERNAL REVENUE SERVICE NOTICE: YOUR CASE CASE-688508 SHOWS UNPAID TAXES OF $3,982.00. FAILURE TO RESPOND WITHIN 24 HOURS WILL RESULT IN A LEGAL WARRANT FOR YOUR ARREST. CALL (305) 520-7022 NOW."
smishing,Your employment status is under review due to case CASE-543143! Termination proceedings begin by 5PM today unless you respond: urlz!fr/Verify-Now22
smishing,Your vehicle was involved in an incident under investigation (case CASE-948749). FBI Cyber Division requires you contact (532) 580-7755 immediately or face legal charges.
smishing,"Debt Recovery Notice: $746!32 owed, case CASE-263032! A summons will be filed with Municipal Court by 5PM today unless resolved! Contact (613) 656-4360 now!"
smishing,"I know your password and have access to your camera. Pay $2,100.00 by 5PM today or the recording gets shared publicly. Payment link: urlz.fr/SecureLink3"
smishing,This is a legal notice from County Sheriff's Office! Case CASE-719176 against you proceeds to court within 24 hours unless you respond! Reference: bit!ly/ClaimHere7
smishing,IRS NOTICE: Your case CASE-308496 shows unpaid taxes of $199.00. Failure to respond by tomorrow 9AM will result in a legal warrant for your arrest. Call (446) 420-6781 now.
smishing,"YOUR ACCOUNT WITH THE POWER COMPANY IS PAST DUE ($12,450.00). SERVICE TERMINATION WITHIN 3 HOURS. PREVENT SHUTOFF BY CALLING (226) 647-1189."
smishing,"NOTICE OF INTENT TO SUE: $8,320.75 past due, case CASE-671412. Respond immediately or a judgment will be filed against you at County Court."
smishing,This is a legal notice from FBI Cyber Division. Case CASE-325772 against you proceeds to court within 30 minutes unless you respond. Reference: shorturl.at/SecureLink3
smishing,"FINAL NOTICE from your gas provider: Your service will be disconnected by tomorrow 9AM due to unpaid balance of $5,600.00. Pay now: bit.ly/PayNow-x1"
smishing,"Debt Recovery Notice: $8,320.75 owed, case CASE-717889. A summons will be filed with Superior Court within 24 hours unless resolved. Contact (339) 707-6918 now."
smishing,This is a legal notice from County Sheriff's Office. Case CASE-456778 against you proceeds to court before end of business today unless you respond. Reference: shorturl.at/Verify-Now22
smishing,"NOTICE OF INTENT TO SUE: $5,600.00 past due, case CASE-571029. Respond within 30 minutes or a judgment will be filed against you at County Court."
smishing,"FINAL NOTICE: Your account with Chase shows an outstanding balance of $3,982.00. Legal action will begin before end of business today. Case ref CASE-197251. Call (656) 219-9154."
smishing,"URGENT: the power company will cut off service to your address by tomorrow 9AM. Outstanding balance $12,450.00 must be settled now: urlz.fr/CaseUpdt9"
smishing,"I know your password and have access to your camera. Pay $1,247.50 within 3 hours or the recording gets shared publicly. Payment link: bit.ly/SecureLink3"
smishing,"IRS ALERT: Suit has been filed against you in Superior Court for tax evasion, amount $450.00. Contact (343) 453-5537 within 3 hours to prevent asset seizure."
smishing,This is Officer Michael #3803 from FBI Cyber Division. Your identity has been used in a crime linked to case CASE-356787. Call (608) 713-8118 by 5PM today or a warrant will be issued.
smishing,"Debt Recovery Notice: $12,450.00 owed, case CASE-145561. A summons will be filed with County Court by tomorrow 9AM unless resolved. Contact (454) 578-8506 now."
smishing,"NOTICE OF INTENT TO SUE: $1,247.50 PAST DUE, CASE CASE-865179. RESPOND WITHIN 2 HOURS OR A JUDGMENT WILL BE FILED AGAINST YOU AT COUNTY COURT."
smishing,This is not a joke. We have private footage of you. $92.50 required within 3 hours to prevent release to your friends and family: shorturl.at/Verify-Now22
smishing,Your SSN has been suspended due to suspicious tax activity linked to case CASE-207473. Verify identity before end of business today or face legal consequences: bit.ly/SecureLink3
smishing,FINAL NOTICE from your water utility: Your service will be disconnected by 5PM today due to unpaid balance of $92.50. Pay now: urlz.fr/SecureLink3
smishing,"Patricia, this is your last warning before District Court proceedings begin over unpaid debt of $8,320.75. Settle within 3 hours to avoid wage garnishment: bit.ly/CaseUpdt9"
smishing,URGENT from IRS: An arrest warrant has been issued under case number CASE-809570 due to tax fraud of $450.00. Resolve before end of business today to avoid prosecution: bit.ly/CaseUpdt9
smishing,This is Officer Jennifer #1525 from County Sheriff's Office. Your identity has been used in a crime linked to case CASE-629903. Call (943) 930-4643 by tomorrow 9AM or a warrant will be issued.
smishing,URGENT from IRS: An arrest warrant has been issued under case number CASE-197251 due to tax fraud of $92.50. Resolve within 2 hours to avoid prosecution: tinyurl.com/a8Xk2p
smishing,"I know your password and have access to your camera. Pay $12,450.00 within 24 hours or the recording gets shared publicly. Payment link: shorturl.at/PayNow-x1"
smishing,"FINAL NOTICE FROM THE POWER COMPANY: YOUR SERVICE WILL BE DISCONNECTED BEFORE END OF BUSINESS TODAY DUE TO UNPAID BALANCE OF $3,982.00. PAY NOW: BIT.LY/CLAIMHERE7"
smishing,"IRS NOTICE: Your case CASE-671412 shows unpaid taxes of $5,600.00. Failure to respond within 24 hours will result in a legal warrant for your arrest. Call (275) 750-4492 now."
smishing,Your SSN has been suspended due to suspicious tax activity linked to case CASE-460663. Verify identity immediately or face legal consequences: urlz.fr/CaseUpdt9
smishing,This is Officer Robert #2291 from State Police. Your identity has been used in a crime linked to case CASE-733052. Call (489) 992-6090 within 3 hours or a warrant will be issued.
smishing,"John, your tax record (case CASE-944962) indicates a discrepancy of $746.32. This is your final notice before legal action is taken within 2 hours."
smishing,"We have compromising video from your device camera. Pay $3,982.00 in crypto immediately to bit.ly/Verify-Now22 or we send it to all your contacts."
smishing,"NOTICE OF INTENT TO SUE: $12,450.00 past due, case CASE-456778. Respond by 5PM today or a judgment will be filed against you at Municipal Court."
smishing,Your assets are subject to seizure under case CASE-388389 unless resolved immediately. Call (933) 750-2982 immediately.
smishing,This is not a joke. We have private footage of you. $746.32 required within 30 minutes to prevent release to your friends and family: bit.ly/Verify-Now22
smishing,"URGENT from Treasury Dept: An arrest warrant has been issued under case number CASE-191161 due to tax fraud of $2,100.00. Resolve within 24 hours to avoid prosecution: tinyurl.com/a8Xk2p"
smishing,THIS IS NOT A JOKE. WE HAVE PRIVATE FOOTAGE OF YOU. $589.99 REQUIRED WITHIN 3 HOURS TO PREVENT RELEASE TO YOUR FRIENDS AND FAMILY: URLZ.FR/PAYNOW-X1
smishing,"Elizabeth, this is your last warning before Superior Court proceedings begin over unpaid debt of $5,600.00. Settle immediately to avoid wage garnishment: bit.ly/CaseUpdt9"
smishing,"NOTICE OF INTENT TO SUE: $92.50 PAST DUE, CASE CASE-106814. RESPOND BY 5PM TODAY OR A JUDGMENT WILL BE FILED AGAINST YOU AT MUNICIPAL COURT."
smishing,Your employment status is under review due to case CASE-571029. Termination proceedings begin within 3 hours unless you respond: urlz.fr/SecureLink3
smishing,Your SSN has been suspended due to suspicious tax activity linked to case CASE-325772. Verify identity within 2 hours or face legal consequences: tinyurl.com/Verify-Now22
smishing,THIS IS A LEGAL NOTICE FROM FEDERAL MARSHAL'S OFFICE. CASE CASE-498382 AGAINST YOU PROCEEDS TO COURT IMMEDIATELY UNLESS YOU RESPOND. REFERENCE: URLZ.FR/SECURELINK3
smishing,We have compromising video from your device camera. Pay $589.99 in crypto immediately to urlz.fr/SecureLink3 or we send it to all your contacts.
smishing,"Your loan is severely delinquent ($5,600.00). Wells Fargo legal dept will pursue court action within 2 hours. Reply to avoid credit seizure: shorturl.at/CaseUpdt9"
smishing,Your loan is severely delinquent ($450.00). your credit union legal dept will pursue court action by 5PM today. Reply to avoid credit seizure: tinyurl.com/SecureLink3
smishing,This is State Police. Your visa status is under review due to case CASE-571029. Failure to verify within 24 hours results in immediate deportation order.
smishing,"the power company ALERT: Disconnection scheduled within 3 hours unless $5,600.00 is paid immediately. Avoid shutoff: bit.ly/ClaimHere7"
smishing,"NOTICE OF INTENT TO SUE: $92.50 past due, case CASE-688508. Respond within 3 hours or a judgment will be filed against you at Municipal Court."
smishing,This is Officer Sarah #4733 from State Police. Your identity has been used in a crime linked to case CASE-356787. Call (902) 833-6544 within 2 hours or a warrant will be issued.
smishing,This is a legal notice from US Marshals. Case CASE-719176 against you proceeds to court within 3 hours unless you respond. Reference: bit.ly/Verify-Now22
smishing,"FINAL NOTICE from your water utility: Your service will be disconnected by tomorrow 9AM due to unpaid balance of $2,100!00! Pay now: urlz!fr/PayNow-x1"
smishing,"IRS NOTICE: Your case CASE-191161 shows unpaid taxes of $8,320.75. Failure to respond within 24 hours will result in a legal warrant for your arrest. Call (335) 807-4705 now."
smishing,FBI Cyber Division: We have detained an individual using your SSN. Case CASE-127824 requires your statement within 24 hours. Failure to respond results in immediate arrest.
smishing,Your vehicle was involved in an incident under investigation (case CASE-267414). US Marshals requires you contact (801) 735-7874 within 24 hours or face legal charges.
smishing,This is a legal notice from County Sheriff's Office! Case CASE-356787 against you proceeds to court within 24 hours unless you respond! Reference: tinyurl!com/PayNow-x1
smishing,"This is IRS Tax Division. You owe $1,000.00 in back taxes. Case CASE-944962 will be forwarded to law enforcement immediately unless payment is confirmed. Reply YES or call (370) 906-8272."
smishing,Your device was hacked and we recorded you. Send $746.32 within 30 minutes or the footage goes to everyone on your contact list. Details: tinyurl.com/a8Xk2p
smishing,ALERT: State Police has an active warrant CASE-835392 for your arrest regarding unpaid fines of $199.00. Avoid arrest by calling (567) 993-6004 by tomorrow 9AM.
smishing,Court order CASE-948749 authorizes seizure of your property within 24 hours. Contact (362) 725-2437 to halt this action.
smishing,Treasury Dept NOTICE: Your case CASE-356787 shows unpaid taxes of $589.99. Failure to respond before end of business today will result in a legal warrant for your arrest. Call (660) 725-3414 now.
smishing,Your SSN has been suspended due to suspicious tax activity linked to case CASE-781453. Verify identity by tomorrow 9AM or face legal consequences: urlz.fr/SecureLink3
smishing,This is not a joke. We have private footage of you. $92.50 required by 5PM today to prevent release to your friends and family: urlz.fr/PayNow-x1
smishing,Your assets are subject to seizure under case CASE-106814 unless resolved before end of business today. Call (640) 314-8252 immediately.
smishing,"IRS ALERT: Suit has been filed against you in Municipal Court for tax evasion, amount $1,000.00. Contact (841) 895-7999 by 5PM today to prevent asset seizure."
smishing,"IRS ALERT: Suit has been filed against you in Municipal Court for tax evasion, amount $1,000.00. Contact (379) 627-3880 within 2 hours to prevent asset seizure."
smishing,"Debt Recovery Notice: $1,000.00 owed, case CASE-717889. A summons will be filed with Superior Court by 5PM today unless resolved. Contact (753) 490-4501 now."
smishing,This is a legal notice from US Marshals. Case CASE-216739 against you proceeds to court immediately unless you respond. Reference: bit.ly/a8Xk2p
smishing,Your SSN has been suspended due to suspicious tax activity linked to case CASE-267414. Verify identity within 30 minutes or face legal consequences: tinyurl.com/CaseUpdt9
smishing,THIS IS OFFICER SARAH #4598 FROM LOCAL POLICE DEPT. YOUR IDENTITY HAS BEEN USED IN A CRIME LINKED TO CASE CASE-126225. CALL (212) 450-1753 BY TOMORROW 9AM OR A WARRANT WILL BE ISSUED.
smishing,"Your device was hacked and we recorded you. Send $8,320.75 by tomorrow 9AM or the footage goes to everyone on your contact list. Details: bit.ly/CaseUpdt9"
smishing,"FINAL NOTICE: Your account with your credit union shows an outstanding balance of $5,600.00. Legal action will begin by tomorrow 9AM. Case ref CASE-343962. Call (949) 951-3118."
smishing,USCIS NOTICE: Discrepancy found in your immigration file (case CASE-850800). Deportation proceedings begin before end of business today unless you respond: urlz.fr/SecureLink3
smishing,"Joseph, your tax record (case CASE-127824) indicates a discrepancy of $12,450.00. This is your final notice before legal action is taken immediately."
smishing,the power company ALERT: Disconnection scheduled within 2 hours unless $450.00 is paid immediately. Avoid shutoff: urlz.fr/SecureLink3
smishing,"FINAL NOTICE from your electric company: Your service will be disconnected immediately due to unpaid balance of $3,982.00. Pay now: tinyurl.com/ClaimHere7"
smishing,"This is not a joke. We have private footage of you. $1,247.50 required within 3 hours to prevent release to your friends and family: bit.ly/SecureLink3"
smishing,County Sheriff's Office: We have detained an individual using your SSN. Case CASE-877572 requires your statement by 5PM today. Failure to respond results in immediate arrest.
smishing,"the power company ALERT: Disconnection scheduled by tomorrow 9AM unless $3,982.00 is paid immediately. Avoid shutoff: tinyurl.com/CaseUpdt9"
smishing,I know your password and have access to your camera. Pay $92.50 by tomorrow 9AM or the recording gets shared publicly. Payment link: tinyurl.com/ClaimHere7
smishing,NOTICE: Your bank account will be frozen within 3 hours due to case CASE-498382. Verify identity now: bit.ly/Verify-Now22
smishing,This is State Police. Your visa status is under review due to case CASE-263032. Failure to verify immediately results in immediate deportation order.
smishing,This is Officer Maria #3803 from State Police. Your identity has been used in a crime linked to case CASE-126225. Call (770) 762-1002 within 24 hours or a warrant will be issued.
smishing,"Your loan is severely delinquent ($2,100.00). your bank legal dept will pursue court action within 24 hours. Reply to avoid credit seizure: tinyurl.com/CaseUpdt9"
smishing,USCIS NOTICE: Discrepancy found in your immigration file (case CASE-719176)! Deportation proceedings begin within 30 minutes unless you respond: bit!ly/CaseUpdt9
smishing,"ALERT: FBI Cyber Division has an active warrant CASE-835392 for your arrest regarding unpaid fines of $3,982.00. Avoid arrest by calling (384) 785-3148 within 30 minutes."
smishing,"Internal Revenue Service NOTICE: Your case CASE-145561 shows unpaid taxes of $5,600.00. Failure to respond within 3 hours will result in a legal warrant for your arrest. Call (417) 871-9179 now."
smishing,"We have compromising video from your device camera. Pay $5,600.00 in crypto within 30 minutes to urlz.fr/PayNow-x1 or we send it to all your contacts."
smishing,YOUR DEVICE WAS HACKED AND WE RECORDED YOU. SEND $92.50 WITHIN 30 MINUTES OR THE FOOTAGE GOES TO EVERYONE ON YOUR CONTACT LIST. DETAILS: URLZ.FR/CLAIMHERE7
smishing,"URGENT from Internal Revenue Service: An arrest warrant has been issued under case number CASE-872246 due to tax fraud of $8,320.75. Resolve by 5PM today to avoid prosecution: urlz.fr/SecureLink3"
smishing,HR NOTICE: Disciplinary action pending on your file (case CASE-717889) unless you verify employment details by 5PM today: urlz.fr/Verify-Now22
smishing,"Your loan is severely delinquent ($1,000.00). Bank of America legal dept will pursue court action within 2 hours. Reply to avoid credit seizure: tinyurl.com/SecureLink3"
smishing,Immigration Alert: Case CASE-191161 flagged for review. Contact (605) 935-4757 within 3 hours or face detainment.
smishing,FINAL NOTICE: Your account with Wells Fargo shows an outstanding balance of $450.00. Legal action will begin immediately. Case ref CASE-343962. Call (786) 300-9001.
smishing,"FINAL NOTICE: Your account with Citibank shows an outstanding balance of $12,450.00. Legal action will begin by tomorrow 9AM. Case ref CASE-688508. Call (208) 602-5186."
smishing,Your SSN has been suspended due to suspicious tax activity linked to case CASE-731262. Verify identity before end of business today or face legal consequences: shorturl.at/Verify-Now22
smishing,YOUR SSN HAS BEEN SUSPENDED DUE TO SUSPICIOUS TAX ACTIVITY LINKED TO CASE CASE-895667. VERIFY IDENTITY WITHIN 3 HOURS OR FACE LEGAL CONSEQUENCES: URLZ.FR/A8XK2P
smishing,FINAL NOTICE from your water utility: Your service will be disconnected by 5PM today due to unpaid balance of $92.50. Pay now: bit.ly/Verify-Now22
smishing,Your SSN has been suspended due to suspicious tax activity linked to case CASE-377370. Verify identity by 5PM today or face legal consequences: tinyurl.com/Verify-Now22
smishing,Court order CASE-543143 authorizes seizure of your property within 24 hours. Contact (710) 670-1199 to halt this action.
smishing,This is Officer Patricia #8527 from local Police Dept. Your identity has been used in a crime linked to case CASE-688508. Call (876) 477-6901 within 24 hours or a warrant will be issued.
smishing,"IRS ALERT: Suit has been filed against you in County Court for tax evasion, amount $92.50. Contact (883) 767-5905 within 2 hours to prevent asset seizure."
smishing,Immigration Alert: Case CASE-356787 flagged for review. Contact (578) 890-8430 by 5PM today or face detainment.
smishing,"Your account with your gas provider is past due ($5,600.00). Service termination within 24 hours. Prevent shutoff by calling (883) 481-7409."
smishing,Your SSN has been suspended due to suspicious tax activity linked to case CASE-343962. Verify identity before end of business today or face legal consequences: bit.ly/CaseUpdt9
smishing,Your loan is severely delinquent ($746.32). your credit union legal dept will pursue court action within 24 hours. Reply to avoid credit seizure: bit.ly/SecureLink3
smishing,"your electric company ALERT: Disconnection scheduled immediately unless $8,320.75 is paid immediately. Avoid shutoff: bit.ly/CaseUpdt9"
smishing,I know your password and have access to your camera. Pay $92.50 by tomorrow 9AM or the recording gets shared publicly. Payment link: bit.ly/CaseUpdt9
smishing,This is County Sheriff's Office. Your visa status is under review due to case CASE-719176. Failure to verify within 2 hours results in immediate deportation order.
smishing,"Debt Recovery Notice: $92.50 owed, case CASE-629903. A summons will be filed with Superior Court within 24 hours unless resolved. Contact (678) 247-2689 now."
smishing,"DEBT RECOVERY NOTICE: $92.50 OWED, CASE CASE-263032. A SUMMONS WILL BE FILED WITH MUNICIPAL COURT WITHIN 2 HOURS UNLESS RESOLVED. CONTACT (894) 745-5143 NOW."
smishing,This is IRS Tax Division! You owe $92!50 in back taxes! Case CASE-388389 will be forwarded to law enforcement within 30 minutes unless payment is confirmed! Reply YES or call (470) 840-4241!
smishing,"Debt Recovery Notice: $92.50 owed, case CASE-308496. A summons will be filed with Superior Court before end of business today unless resolved. Contact (256) 847-2485 now."
smishing,"Joseph, your tax record (case CASE-207175) indicates a discrepancy of $199.00. This is your final notice before legal action is taken by tomorrow 9AM."
smishing,"your gas provider ALERT: Disconnection scheduled within 3 hours unless $1,247.50 is paid immediately. Avoid shutoff: tinyurl.com/PayNow-x1"
smishing,"Maria, your tax record (case CASE-197251) indicates a discrepancy of $2,100.00. This is your final notice before legal action is taken by 5PM today."
smishing,USCIS NOTICE: Discrepancy found in your immigration file (case CASE-391704). Deportation proceedings begin within 30 minutes unless you respond: shorturl.at/PayNow-x1
smishing,Your account with your electric company is past due ($589.99). Service termination within 24 hours. Prevent shutoff by calling (512) 904-4909.
smishing,Your vehicle was involved in an incident under investigation (case CASE-900581). State Police requires you contact (389) 219-6965 within 30 minutes or face legal charges.
smishing,Your employment status is under review due to case CASE-850800. Termination proceedings begin within 30 minutes unless you respond: tinyurl.com/CaseUpdt9
smishing,"URGENT from Treasury Dept: An arrest warrant has been issued under case number CASE-835392 due to tax fraud of $3,982.00. Resolve before end of business today to avoid prosecution: shorturl.at/ClaimHere7"
smishing,State Police: We have detained an individual using your SSN. Case CASE-391704 requires your statement by tomorrow 9AM. Failure to respond results in immediate arrest.
smishing,WE HAVE COMPROMISING VIDEO FROM YOUR DEVICE CAMERA! PAY $92!50 IN CRYPTO BY 5PM TODAY TO BIT!LY/CASEUPDT9 OR WE SEND IT TO ALL YOUR CONTACTS!
smishing,This is a legal notice from local Police Dept. Case CASE-717889 against you proceeds to court by 5PM today unless you respond. Reference: bit.ly/Verify-Now22
smishing,"Debt Recovery Notice: $199.00 owed, case CASE-191161. A summons will be filed with Superior Court within 2 hours unless resolved. Contact (791) 901-6434 now."
smishing,I know your password and have access to your camera. Pay $92.50 immediately or the recording gets shared publicly. Payment link: urlz.fr/ClaimHere7
smishing,Your loan is severely delinquent ($450.00). Wells Fargo legal dept will pursue court action within 3 hours. Reply to avoid credit seizure: urlz.fr/PayNow-x1
smishing,Your vehicle was involved in an incident under investigation (case CASE-948749). local Police Dept requires you contact (382) 687-6142 within 3 hours or face legal charges.
smishing,"ALERT: local Police Dept has an active warrant CASE-191161 for your arrest regarding unpaid fines of $2,100.00. Avoid arrest by calling (535) 351-2494 within 30 minutes."
smishing,"Your loan is severely delinquent ($5,600.00). Wells Fargo legal dept will pursue court action within 2 hours. Reply to avoid credit seizure: urlz.fr/a8Xk2p"
smishing,"Joseph, your tax record (case CASE-629903) indicates a discrepancy of $199!00! This is your final notice before legal action is taken by tomorrow 9AM!"
smishing,Immigration Alert: Case CASE-539898 flagged for review. Contact (279) 584-3085 within 24 hours or face detainment.
smishing,"This is Internal Revenue Service. You owe $1,000.00 in back taxes. Case CASE-325772 will be forwarded to law enforcement by 5PM today unless payment is confirmed. Reply YES or call (570) 720-4673."
smishing,Your vehicle was involved in an incident under investigation (case CASE-456778). Federal Marshal's Office requires you contact (687) 664-7719 by tomorrow 9AM or face legal charges.
smishing,HR NOTICE: Disciplinary action pending on your file (case CASE-131244) unless you verify employment details before end of business today: urlz.fr/ClaimHere7
smishing,This is not a joke. We have private footage of you. $199.00 required before end of business today to prevent release to your friends and family: shorturl.at/PayNow-x1
smishing,"URGENT: your water utility will cut off service to your address immediately. Outstanding balance $1,247.50 must be settled now: shorturl.at/Verify-Now22"
smishing,"James, your tax record (case CASE-216739) indicates a discrepancy of $1,247.50. This is your final notice before legal action is taken immediately."
smishing,USCIS NOTICE: Discrepancy found in your immigration file (case CASE-216739). Deportation proceedings begin within 2 hours unless you respond: bit.ly/Verify-Now22
smishing,Your SSN has been suspended due to suspicious tax activity linked to case CASE-263032. Verify identity by 5PM today or face legal consequences: shorturl.at/Verify-Now22
smishing,"IRS ALERT: Suit has been filed against you in District Court for tax evasion, amount $450.00. Contact (801) 316-6700 immediately to prevent asset seizure."
smishing,"NOTICE OF INTENT TO SUE: $2,100.00 past due, case CASE-671858. Respond immediately or a judgment will be filed against you at County Court."
smishing,"IRS ALERT: Suit has been filed against you in Municipal Court for tax evasion, amount $2,100!00! Contact (849) 479-8381 within 2 hours to prevent asset seizure!"
smishing,"Maria, this is your last warning before County Court proceedings begin over unpaid debt of $92.50. Settle immediately to avoid wage garnishment: bit.ly/Verify-Now22"
smishing,Your device was hacked and we recorded you! Send $746!32 within 30 minutes or the footage goes to everyone on your contact list! Details: urlz!fr/SecureLink3
smishing,"Debt Recovery Notice: $3,982.00 owed, case CASE-629903. A summons will be filed with District Court within 3 hours unless resolved. Contact (605) 941-1477 now."
smishing,Your assets are subject to seizure under case CASE-988662 unless resolved within 3 hours! Call (515) 635-7447 immediatly!
smishing,"Your device was hacked and we recorded you. Send $3,982.00 before end of business today or the footage goes to everyone on your contact list. Details: tinyurl.com/SecureLink3"
smishing,Court order CASE-542417 authorizes seizure of your property by tomorrow 9AM. Contact (800) 584-1971 to halt this action.
smishing,USCIS NOTICE: Discrepancy found in your immigration file (case CASE-207473). Deportation proceedings begin immediately unless you respond: urlz.fr/ClaimHere7
smishing,This is US Marshals. Your visa status is under review due to case CASE-865179. Failure to verify by tomorrow 9AM results in immediate deportation order.
smishing,Your device was hacked and we recorded you. Send $450.00 before end of business today or the footage goes to everyone on your contact list. Details: urlz.fr/a8Xk2p
smishing,"This is Federal Tax Bureau. You owe $3,982.00 in back taxes. Case CASE-809570 will be forwarded to law enforcement by tomorrow 9AM unless payment is confirmed. Reply YES or call (553) 801-5901."
smishing,"This is Internal Revenue Service. You owe $12,450.00 in back taxes. Case CASE-331148 will be forwarded to law enforcement within 3 hours unless payment is confirmed. Reply YES or call (464) 548-5581."
smishing,"FINAL NOTICE from your water utility: Your service will be disconnected before end of business today due to unpaid balance of $1,000.00. Pay now: urlz.fr/PayNow-x1"
smishing,FINAL NOTICE: Your account with Bank of America shows an outstanding balance of $746.32. Legal action will begin by tomorrow 9AM. Case ref CASE-331148. Call (773) 646-7914.
smishing,"your electric company ALERT: Disconnection scheduled by 5PM today unless $5,600.00 is paid immediately. Avoid shutoff: tinyurl.com/ClaimHere7"
smishing,"This is IRS Tax Division. You owe $1,000.00 in back taxes. Case CASE-391369 will be forwarded to law enforcement immediately unless payment is confirmed. Reply YES or call (744) 588-4762."
smishing,"IRS ALERT: Suit has been filed against you in Municipal Court for tax evasion, amount $1,247.50. Contact (522) 216-4394 by 5PM today to prevent asset seizure."
smishing,"Your loan is severely delinquent ($8,320.75). Bank of America legal dept will pursue court action within 30 minutes. Reply to avoid credit seizure: shorturl.at/ClaimHere7"
smishing,Internal Revenue Service NOTICE: Your case CASE-770487 shows unpaid taxes of $199!00! Failure to respond by 5PM today will result in a legal warrant for your arrest! Call (616) 868-8793 now!
smishing,URGENT from IRS Tax Division: An arrest warrant has been issued under case number CASE-876646 due to tax fraud of $746.32. Resolve by tomorrow 9AM to avoid prosecution: bit.ly/a8Xk2p
smishing,"This is not a joke. We have private footage of you. $2,100.00 required before end of business today to prevent release to your friends and family: urlz.fr/a8Xk2p"
smishing,"IRS ALERT: Suit has been filed against you in District Court for tax evasion, amount $1,000.00. Contact (759) 423-7965 by tomorrow 9AM to prevent asset seizure."
smishing,"ALERT: FBI Cyber Division has an active warrant CASE-809570 for your arrest regarding unpaid fines of $1,000.00. Avoid arrest by calling (240) 761-9132 within 30 minutes."
smishing,Your SSN has been suspended due to suspicious tax activity linked to case CASE-267414. Verify identity within 30 minutes or face legal consequences: bit.ly/PayNow-x1
smishing,"URGENT FROM TREASURY DEPT: AN ARREST WARRANT HAS BEEN ISSUED UNDER CASE NUMBER CASE-456778 DUE TO TAX FRAUD OF $3,982.00. RESOLVE BY 5PM TODAY TO AVOID PROSECUTION: TINYURL.COM/A8XK2P"
smishing,ALERT: local Police Dept has an active warrant CASE-391704 for your arrest regarding unpaid fines of $746!32! Avoid arrest by calling (222) 390-2675 before end of business today!
smishing,This is not a joke. We have private footage of you. $450.00 required by 5PM today to prevent release to your friends and family: bit.ly/a8Xk2p
smishing,"Your account with your electric company is past due ($2,100.00). Service termination within 3 hours. Prevent shutoff by calling (919) 959-8802."
smishing,This is Officer Elizabeth #1750 from local Police Dept. Your identity has been used in a crime linked to case CASE-671412. Call (934) 539-1620 within 24 hours or a warrant will be issued.
smishing,USCIS NOTICE: Discrepancy found in your immigration file (case CASE-325772). Deportation proceedings begin within 24 hours unless you respond: urlz.fr/PayNow-x1
smishing,"NOTICE OF INTENT TO SUE: $92.50 past due, case CASE-900581. Respond within 2 hours or a judgment will be filed against you at County Court."
smishing,NOTICE: Your bank account will be frozen within 3 hours due to case CASE-946335. Verify identity now: urlz.fr/PayNow-x1
smishing,USCIS NOTICE: Discrepancy found in your immigration file (case CASE-629903). Deportation proceedings begin immediately unless you respond: shorturl.at/Verify-Now22
smishing,I know your password and have access to your camera. Pay $746.32 within 30 minutes or the recording gets shared publicly. Payment link: urlz.fr/a8Xk2p
smishing,"Your device was hacked and we recorded you. Send $1,247.50 by tomorrow 9AM or the footage goes to everyone on your contact list. Details: shorturl.at/SecureLink3"
smishing,This is Internal Revenue Service. You owe $199.00 in back taxes. Case CASE-388389 will be forwarded to law enforcement within 24 hours unless payment is confirmed. Reply YES or call (743) 722-4176.
smishing,"URGENT: your electric company will cut off service to your address by 5PM today. Outstanding balance $1,000.00 must be settled now: bit.ly/ClaimHere7"
smishing,"ALERT: US Marshals has an active warrant CASE-391369 for your arrest regarding unpaid fines of $1,000.00. Avoid arrest by calling (300) 433-3201 before end of business today."
smishing,Your vehicle was involved in an incident under investigation (case CASE-325772). FBI Cyber Division requires you contact (811) 258-3871 by tomorrow 9AM or face legal charges.
smishing,This is not a joke. We have private footage of you. $746.32 required by 5PM today to prevent release to your friends and family: bit.ly/CaseUpdt9
smishing,"Patricia, this is your last warning before Superior Court proceedings begin over unpaid debt of $12,450.00. Settle within 24 hours to avoid wage garnishment: shorturl.at/Verify-Now22"
smishing,"This is Treasury Dept. You owe $3,982.00 in back taxes. Case CASE-201414 will be forwarded to law enforcement by tomorrow 9AM unless payment is confirmed. Reply YES or call (277) 344-4696."
smishing,Immigration Alert: Case CASE-542417 flagged for review. Contact (493) 549-6142 immediately or face detainment.
smishing,"ALERT: FBI Cyber Division has an active warrant CASE-876646 for your arrest regarding unpaid fines of $8,320.75. Avoid arrest by calling (761) 469-4885 before end of business today."
smishing,This is Officer Elizabeth #6313 from County Sheriff's Office. Your identity has been used in a crime linked to case CASE-671412. Call (861) 662-2481 within 24 hours or a warrant will be issued.
smishing,Your employment status is under review due to case CASE-329258. Termination proceedings begin within 2 hours unless you respond: tinyurl.com/ClaimHere7
smishing,"IRS ALERT: Suit has been filed against you in County Court for tax evasion, amount $450.00. Contact (244) 850-7338 by tomorrow 9AM to prevent asset seizure."
smishing,"Debt Recovery Notice: $92.50 owed, case CASE-334053. A summons will be filed with Municipal Court within 2 hours unless resolved. Contact (744) 852-6797 now."
smishing,"Joseph, this is your last warning before Municipal Court proceedings begin over unpaid debt of $8,320.75. Settle by tomorrow 9AM to avoid wage garnishment: tinyurl.com/PayNow-x1"
smishing,USCIS NOTICE: Discrepancy found in your immigration file (case CASE-267414). Deportation proceedings begin before end of business today unless you respond: bit.ly/a8Xk2p
smishing,HR NOTICE: Disciplinary action pending on your file (case CASE-377370) unless you verify employment details within 30 minutes: tinyurl.com/SecureLink3
smishing,"This is IRS! You owe $12,450!00 in back taxes! Case CASE-571029 will be forwarded to law enforcement before end of business today unless payment is confirmed! Reply YES or call (885) 697-4510!"
smishing,URGENT from Treasury Dept: An arrest warrant has been issued under case number CASE-191161 due to tax fraud of $92.50. Resolve before end of business today to avoid prosecution: bit.ly/a8Xk2p
smishing,"Your loan is severely delinquent ($12,450.00). Chase legal dept will pursue court action immediately. Reply to avoid credit seizure: shorturl.at/PayNow-x1"
smishing,"Michael, your tax record (case CASE-391369) indicates a discrepancy of $199.00. This is your final notice before legal action is taken within 3 hours."
smishing,"FINAL NOTICE: Your account with Citibank shows an outstanding balance of $12,450!00! Legal action will begin by tomorrow 9AM! Case ref CASE-133326! Call (548) 563-1764!"
smishing,This is a legal notice from local Police Dept. Case CASE-770487 against you proceeds to court by tomorrow 9AM unless you respond. Reference: tinyurl.com/a8Xk2p
smishing,"Debt Recovery Notice: $3,982.00 owed, case CASE-850800. A summons will be filed with Superior Court within 3 hours unless resolved. Contact (816) 946-9973 now."
smishing,This is Officer Michael #2169 from Federal Marshal's Office. Your identity has been used in a crime linked to case CASE-207175. Call (845) 250-4110 before end of business today or a warrant will be issued.
smishing,"Debt Recovery Notice: $12,450.00 owed, case CASE-216739. A summons will be filed with District Court within 2 hours unless resolved. Contact (567) 467-6849 now."
smishing,URGENT: your electric company will cut off service to your address by 5PM today. Outstanding balance $92.50 must be settled now: tinyurl.com/CaseUpdt9
smishing,Your SSN has been suspended due to suspicious tax activity linked to case CASE-872246. Verify identity within 24 hours or face legal consequences: shorturl.at/Verify-Now22
smishing,FBI Cyber Division: We have detained an individual using your SSN. Case CASE-865179 requires your statement within 3 hours. Failure to respond results in immediate arrest.
smishing,"IRS NOTICE: Your case CASE-133326 shows unpaid taxes of $12,450.00. Failure to respond within 2 hours will result in a legal warrant for your arrest. Call (261) 607-9300 now."
smishing,Your loan is severely delinquent ($589.99). your credit union legal dept will pursue court action within 30 minutes. Reply to avoid credit seizure: tinyurl.com/Verify-Now22
smishing,This is Officer Sarah #4733 from State Police. Your identity has been used in a crime linked to case CASE-334053. Call (297) 265-8752 within 2 hours or a warrant will be issued.
smishing,"FINAL NOTICE from your water utility: Your service will be disconnected within 24 hours due to unpaid balance of $8,320.75. Pay now: bit.ly/Verify-Now22"
smishing,Federal Marshal's Office: We have detained an individual using your SSN. Case CASE-331148 requires your statement within 30 minutes. Failure to respond results in immediate arrest.
smishing,"Your device was hacked and we recorded you. Send $12,450.00 within 24 hours or the footage goes to everyone on your contact list. Details: urlz.fr/SecureLink3"
smishing,"FINAL NOTICE from your gas provider: Your service will be disconnected immediately due to unpaid balance of $12,450.00. Pay now: tinyurl.com/PayNow-x1"
smishing,"Your loan is severely delinquent ($12,450.00). Chase legal dept will pursue court action by 5PM today. Reply to avoid credit seizure: tinyurl.com/SecureLink3"
smishing,URGENT from Federal Tax Bureau: An arrest warrant has been issued under case number CASE-571029 due to tax fraud of $450.00. Resolve within 2 hours to avoid prosecution: shorturl.at/PayNow-x1
smishing,"ALERT: Federal Marshal's Office has an active warrant CASE-731262 for your arrest regarding unpaid fines of $3,982.00. Avoid arrest by calling (985) 798-4813 by 5PM today."
smishing,"Your account with your water utility is past due ($3,982.00). Service termination within 2 hours. Prevent shutoff by calling (639) 390-6861."
smishing,URGENT from Treasury Dept: An arrest warrant has been issued under case number CASE-770487 due to tax fraud of $450.00. Resolve within 3 hours to avoid prosecution: urlz.fr/CaseUpdt9
smishing,"This is Internal Revenue Service. You owe $5,600.00 in back taxes. Case CASE-308496 will be forwarded to law enforcement before end of business today unless payment is confirmed. Reply YES or call (807) 544-9311."
smishing,"Susan, this is your last warning before Superior Court proceedings begin over unpaid debt of $1,000.00. Settle immediately to avoid wage garnishment: shorturl.at/SecureLink3"
smishing,"URGENT: the power company will cut off service to your address within 30 minutes. Outstanding balance $5,600.00 must be settled now: bit.ly/Verify-Now22"
smishing,Your device was hacked and we recorded you. Send $746.32 immediately or the footage goes to everyone on your contact list. Details: urlz.fr/Verify-Now22
smishing,"David, this is your last warning before District Court proceedings begin over unpaid debt of $12,450.00. Settle before end of business today to avoid wage garnishment: tinyurl.com/Verify-Now22"
smishing,"SUSAN, YOUR TAX RECORD (CASE CASE-671858) INDICATES A DISCREPANCY OF $450.00. THIS IS YOUR FINAL NOTICE BEFORE LEGAL ACTION IS TAKEN BY TOMORROW 9AM."
smishing,"Joseph, your tax record (case CASE-198246) indicates a discrepancy of $1,000.00. This is your final notice before legal action is taken by tomorrow 9AM."
smishing,Your SSN has been suspended due to suspicious tax activity linked to case CASE-325772. Verify identity within 30 minutes or face legal consequences: urlz.fr/CaseUpdt9
smishing,USCIS NOTICE: Discrepancy found in your immigration file (case CASE-895667). Deportation proceedings begin within 2 hours unless you respond: tinyurl.com/PayNow-x1
smishing,"Your device was hacked and we recorded you! Send $8,320!75 within 2 hours or the footage goes to everyone on your contact list! Details: bit!ly/PayNow-x1"
smishing,Your employment status is under review due to case CASE-460663. Termination proceedings begin within 30 minutes unless you respond: bit.ly/CaseUpdt9
smishing,"FINAL NOTICE from your gas provider: Your service will be disconnected immediately due to unpaid balance of $12,450!00! Pay now: tinyurl!com/PayNow-x1"
smishing,Your vehicle was involved in an incident under investigation (case CASE-895667). Federal Marshal's Office requires you contact (465) 276-1357 within 24 hours or face legal charges.
smishing,Federal Marshal's Office: We have detained an individual using your SSN. Case CASE-331148 requires your statement within 30 minutes. Failure to respond results in immediate arrest.
smishing,"Your loan is severely delinquent ($8,320.75). Wells Fargo legal dept will pursue court action within 30 minutes. Reply to avoid credit seizure: tinyurl.com/ClaimHere7"
smishing,"Debt Recovery Notice: $589.99 owed, case CASE-127824. A summons will be filed with Superior Court immediately unless resolved. Contact (595) 581-1199 now."
smishing,"Debt Recovery Notice: $450.00 owed, case CASE-145561. A summons will be filed with District Court within 3 hours unless resolved. Contact (366) 304-4569 now."
smishing,"IRS ALERT: Suit has been filed against you in County Court for tax evasion, amount $8,320.75. Contact (681) 556-7690 within 24 hours to prevent asset seizure."
smishing,FINAL NOTICE: Your account with your bank shows an outstanding balance of $92.50. Legal action will begin within 2 hours. Case ref CASE-334053. Call (592) 255-2410.
smishing,Your employment status is under review due to case CASE-145561! Termination proceedings begin within 24 hours unless you respond: tinyurl!com/Verify-Now22
smishing,Court order CASE-133326 authorizes seizure of your property before end of business today. Contact (322) 857-7730 to halt this action.
smishing,This is US Marshals. Your visa status is under review due to case CASE-850800. Failure to verify by tomorrow 9AM results in immediate deportation order.
smishing,your water utility ALERT: Disconnection scheduled within 30 minutes unless $199.00 is paid immediately. Avoid shutoff: urlz.fr/Verify-Now22
smishing,Your employment status is under review due to case CASE-948749. Termination proceedings begin immediately unless you respond: shorturl.at/Verify-Now22
smishing,"NOTICE OF INTENT TO SUE: $746.32 past due, case CASE-263032. Respond by tomorrow 9AM or a judgment will be filed against you at County Court."
smishing,Court order CASE-948749 authorizes seizure of your property immediately. Contact (668) 577-4920 to halt this action.
smishing,"Debt Recovery Notice: $199.00 owed, case CASE-876646. A summons will be filed with District Court before end of business today unless resolved. Contact (314) 583-1612 now."
smishing,USCIS NOTICE: Discrepancy found in your immigration file (case CASE-629903). Deportation proceedings begin within 30 minutes unless you respond: shorturl.at/Verify-Now22
smishing,"URGENT from Internal Revenue Service: An arrest warrant has been issued under case number CASE-126225 due to tax fraud of $5,600.00. Resolve within 24 hours to avoid prosecution: shorturl.at/PayNow-x1"
smishing,Your loan is severely delinquent ($450.00). your credit union legal dept will pursue court action by tomorrow 9AM. Reply to avoid credit seizure: tinyurl.com/ClaimHere7
smishing,Immigration Alert: Case CASE-207473 flagged for review. Contact (531) 279-1855 by 5PM today or face detainment.
smishing,Federal Tax Bureau NOTICE: Your case CASE-671412 shows unpaid taxes of $92!50! Failure to respond before end of business today will result in a legal warrant for your arrest! Call (940) 222-7487 now!
smishing,IRS Tax Division NOTICE: Your case CASE-719176 shows unpaid taxes of $589.99. Failure to respond by tomorrow 9AM will result in a legal warrant for your arrest. Call (251) 770-5082 now.
smishing,COURT ORDER CASE-216739 AUTHORIZES SEIZURE OF YOUR PROPERTY IMMEDIATELY. CONTACT (455) 370-8731 TO HALT THIS ACTION.
smishing,URGENT: your water utility will cut off service to your address within 30 minutes. Outstanding balance $746.32 must be settled now: tinyurl.com/PayNow-x1
smishing,State Police: We have detained an individual using your SSN! Case CASE-377370 requires your statement immediately! Failure to respond results in immediate arrest!
smishing,ALERT: local Police Dept has an active warrant CASE-809570 for your arrest regarding unpaid fines of $92.50. Avoid arrest by calling (785) 998-4511 within 30 minutes.
smishing,Your vehicle was involved in an incident under investigation (case CASE-356787). State Police requires you contact (557) 426-4495 within 3 hours or face legal charges.
smishing,"NOTICE OF INTENT TO SUE: $8,320!75 past due, case CASE-835392! Respond within 24 hours or a judgment will be filed against you at County Court!"
smishing,URGENT from IRS Tax Division: An arrest warrant has been issued under case number CASE-343962 due to tax fraud of $746.32. Resolve by tomorrow 9AM to avoid prosecution: urlz.fr/CaseUpdt9
smishing,ALERT: County Sheriff's Office has an active warrant CASE-671412 for your arrest regarding unpaid fines of $589.99. Avoid arrest by calling (613) 788-1076 before end of business today.
smishing,Your vehicle was involved in an incident under investigation (case CASE-198246). County Sheriff's Office requires you contact (467) 522-7438 within 3 hours or face legal charges.
smishing,This is a legal notice from local Police Dept! Case CASE-688508 against you proceeds to court by tomorrow 9AM unless you respond! Reference: shorturl!at/PayNow-x1
smishing,"Your device was hacked and we recorded you. Send $1,000.00 within 24 hours or the footage goes to everyone on your contact list. Details: bit.ly/Verify-Now22"
smishing,US Marshals: We have detained an individual using your SSN. Case CASE-331148 requires your statement within 2 hours. Failure to respond results in immediate arrest.
smishing,Your vehicle was involved in an incident under investigation (case CASE-832052). State Police requires you contact (348) 371-6527 immediately or face legal charges.
smishing,This is US Marshals. Your visa status is under review due to case CASE-246316. Failure to verify immediately results in immediate deportation order.
smishing,This is Officer Sarah #5010 from FBI Cyber Division. Your identity has been used in a crime linked to case CASE-770487. Call (371) 482-2960 immediately or a warrant will be issued.
smishing,"This is IRS. You owe $2,100.00 in back taxes. Case CASE-391369 will be forwarded to law enforcement within 3 hours unless payment is confirmed. Reply YES or call (262) 607-5520."
smishing,This is a legal notice from Federal Marshal's Office. Case CASE-539898 against you proceeds to court within 2 hours unless you respond. Reference: bit.ly/CaseUpdt9
smishing,Your loan is severely delinquent ($746!32)! your bank legal dept will pursue court action within 24 hours! Reply to avoid credit seizure: tinyurl!com/a8Xk2p
smishing,URGENT from Federal Tax Bureau: An arrest warrant has been issued under case number CASE-131244 due to tax fraud of $199.00. Resolve before end of business today to avoid prosecution: tinyurl.com/a8Xk2p
smishing,FINAL NOTICE from your gas provider: Your service will be disconnected within 2 hours due to unpaid balance of $589.99. Pay now: urlz.fr/Verify-Now22
smishing,Your SSN has been suspended due to suspicious tax activity linked to case CASE-543143. Verify identity by tomorrow 9AM or face legal consequences: shorturl.at/Verify-Now22
smishing,This is State Police. Your visa status is under review due to case CASE-809570. Failure to verify within 24 hours results in immediate deportation order.
smishing,This is not a joke. We have private footage of you. $92.50 required before end of business today to prevent release to your friends and family: bit.ly/Verify-Now22
smishing,"Richard, this is your last warning before Superior Court proceedings begin over unpaid debt of $199.00. Settle before end of business today to avoid wage garnishment: shorturl.at/SecureLink3"
smishing,"Robert, your tax record (case CASE-460663) indicates a discrepancy of $3,982.00. This is your final notice before legal action is taken by tomorrow 9AM."
smishing,"Federal Tax Bureau NOTICE: Your case CASE-452944 shows unpaid taxes of $2,100.00. Failure to respond by 5PM today will result in a legal warrant for your arrest. Call (245) 560-9945 now."
smishing,IRS NOTICE: Your case CASE-308496 shows unpaid taxes of $199.00. Failure to respond before end of business today will result in a legal warrant for your arrest. Call (911) 577-8449 now.
smishing,THIS IS A LEGAL NOTICE FROM FBI CYBER DIVISION. CASE CASE-267414 AGAINST YOU PROCEEDS TO COURT BY TOMORROW 9AM UNLESS YOU RESPOND. REFERENCE: SHORTURL.AT/PAYNOW-X1
smishing,Your vehicle was involved in an incident under investigation (case CASE-781453). Federal Marshal's Office requires you contact (941) 604-9128 within 2 hours or face legal charges.
smishing,Your SSN has been suspended due to suspicious tax activity linked to case CASE-207175. Verify identity within 30 minutes or face legal consequences: bit.ly/ClaimHere7
smishing,"your electric company ALERT: Disconnection scheduled within 30 minutes unless $3,982.00 is paid immediatly. Avoid shutoff: bit.ly/a8Xk2p"
smishing,"This is Internal Revenue Service. You owe $5,600.00 in back taxes. Case CASE-717889 will be forwarded to law enforcement within 30 minutes unless payment is confirmed. Reply YES or call (965) 601-5842."
smishing,"URGENT from IRS: An arrest warrant has been issued under case number CASE-145561 due to tax fraud of $3,982.00. Resolve by 5PM today to avoid prosecution: shorturl.at/CaseUpdt9"
smishing,"We have compromising video from your device camera. Pay $8,320.75 in crypto within 2 hours to shorturl.at/ClaimHere7 or we send it to all your contacts."
smishing,USCIS NOTICE: Discrepancy found in your immigration file (case CASE-126225). Deportation proceedings begin within 3 hours unless you respond: urlz.fr/a8Xk2p
smishing,"Your account with your water utility is past due ($1,000!00)! Service termination immediately! Prevent shutoff by calling (860) 911-1216!"
smishing,Your employment status is under review due to case CASE-263032. Termination proceedings begin before end of business today unless you respond: bit.ly/ClaimHere7
smishing,Your employment status is under review due to case CASE-988662. Termination proceedings begin within 30 minutes unless you respond: tinyurl.com/CaseUpdt9
smishing,Your vehicle was involved in an incident under investigation (case CASE-452944). State Police requires you contact (852) 956-5485 by 5PM today or face legal charges.
smishing,HR NOTICE: Disciplinary action pending on your file (case CASE-127824) unless you verify employment details by tomorrow 9AM: tinyurl.com/PayNow-x1
smishing,Your assets are subject to seizure under case CASE-543143 unless resolved within 3 hours. Call (985) 480-1319 immediately.
smishing,USCIS NOTICE: Discrepancy found in your immigration file (case CASE-456778). Deportation proceedings begin before end of business today unless you respond: bit.ly/ClaimHere7
smishing,"FINAL NOTICE from your electric company: Your service will be disconnected within 30 minutes due to unpaid balance of $1,247.50. Pay now: urlz.fr/Verify-Now22"
smishing,THIS IS OFFICER JOHN #2654 FROM FEDERAL MARSHAL'S OFFICE. YOUR IDENTITY HAS BEEN USED IN A CRIME LINKED TO CASE CASE-850800. CALL (917) 581-8511 WITHIN 24 HOURS OR A WARRANT WILL BE ISSUED.
smishing,"We have compromising video from your device camera. Pay $1,247.50 in crypto by 5PM today to shorturl.at/PayNow-x1 or we send it to all your contacts."
smishing,Your device was hacked and we recorded you. Send $92.50 within 24 hours or the footage goes to everyone on your contact list. Details: tinyurl.com/ClaimHere7
smishing,"William, this is your last warning before District Court proceedings begin over unpaid debt of $3,982!00! Settle within 24 hours to avoid wage garnishment: bit!ly/a8Xk2p"
smishing,"NOTICE OF INTENT TO SUE: $92.50 past due, case CASE-731262. Respond immediatly or a judgment will be filed against you at County Court."
smishing,US MARSHALS: WE HAVE DETAINED AN INDIVIDUAL USING YOUR SSN. CASE CASE-329258 REQUIRES YOUR STATEMENT WITHIN 24 HOURS. FAILURE TO RESPOND RESULTS IN IMMEDIATE ARREST.
smishing,Your account with your gas provider is past due ($92.50). Service termination by tomorrow 9AM. Prevent shutoff by calling (308) 333-4584.
smishing,YOUR DEVICE WAS HACKED AND WE RECORDED YOU. SEND $199.00 WITHIN 24 HOURS OR THE FOOTAGE GOES TO EVERYONE ON YOUR CONTACT LIST. DETAILS: SHORTURL.AT/CASEUPDT9
smishing,"We have compromising video from your device camera. Pay $2,100.00 in crypto within 24 hours to bit.ly/ClaimHere7 or we send it to all your contacts."
smishing,This is Officer Maria #4432 from Federal Marshal's Office. Your identity has been used in a crime linked to case CASE-850800. Call (974) 803-4727 within 2 hours or a warrant will be issued.
smishing,USCIS NOTICE: DISCREPANCY FOUND IN YOUR IMMIGRATION FILE (CASE CASE-948749). DEPORTATION PROCEEDINGS BEGIN WITHIN 3 HOURS UNLESS YOU RESPOND: SHORTURL.AT/SECURELINK3
smishing,ALERT: FBI Cyber Division has an active warrant CASE-263032 for your arrest regarding unpaid fines of $589.99. Avoid arrest by calling (308) 246-3689 by tomorrow 9AM.
smishing,IRS NOTICE: Your case CASE-850800 shows unpaid taxes of $589.99. Failure to respond within 30 minutes will result in a legal warrant for your arrest. Call (269) 924-3474 now.
smishing,"FINAL NOTICE: Your account with Citibank shows an outstanding balance of $2,100.00. Legal action will begin within 2 hours. Case ref CASE-571029. Call (890) 572-1844."
smishing,ALERT: FBI Cyber Division has an active warrant CASE-850800 for your arrest regarding unpaid fines of $746.32. Avoid arrest by calling (392) 270-3988 by 5PM today.
smishing,This is Officer Robert #5803 from US Marshals. Your identity has been used in a crime linked to case CASE-781453. Call (406) 842-3422 before end of business today or a warrant will be issued.
smishing,Your SSN has been suspended due to suspicious tax activity linked to case CASE-731262. Verify identity immediatly or face legal consequences: bit.ly/a8Xk2p
smishing,URGENT from Internal Revenue Service: An arrest warrant has been issued under case number CASE-377370 due to tax fraud of $450.00. Resolve within 2 hours to avoid prosecution: urlz.fr/SecureLink3
smishing,"Susan, this is your last warning before District Court proceedings begin over unpaid debt of $450.00. Settle within 3 hours to avoid wage garnishment: tinyurl.com/a8Xk2p"
smishing,This is US Marshals. Your visa status is under review due to case CASE-895667. Failure to verify within 3 hours results in immediate deportation order.
smishing,"We have compromising video from your device camera. Pay $3,982.00 in crypto within 30 minutes to bit.ly/PayNow-x1 or we send it to all your contacts."
smishing,"IRS ALERT: Suit has been filed against you in County Court for tax evasion, amount $12,450.00. Contact (265) 546-1344 within 30 minutes to prevent asset seizure."
smishing,This is Officer Sarah #6313 from Federal Marshal's Office. Your identity has been used in a crime linked to case CASE-391369. Call (629) 353-2577 by 5PM today or a warrant will be issued.
smishing,THIS IS NOT A JOKE. WE HAVE PRIVATE FOOTAGE OF YOU. $92.50 REQUIRED BEFORE END OF BUSINESS TODAY TO PREVENT RELEASE TO YOUR FRIENDS AND FAMILY: BIT.LY/VERIFY-NOW22
smishing,"FINAL NOTICE: Your account with Citibank shows an outstanding balance of $3,982.00. Legal action will begin by tomorrow 9AM. Case ref CASE-731262. Call (424) 942-5641."
smishing,Your SSN has been suspended due to suspicious tax activity linked to case CASE-308496. Verify identity within 3 hours or face legal consequences: tinyurl.com/ClaimHere7
smishing,HR NOTICE: Disciplinary action pending on your file (case CASE-900581) unless you verify employment details before end of business today: bit.ly/Verify-Now22
smishing,FINAL NOTICE: Your account with Bank of America shows an outstanding balance of $199.00. Legal action will begin within 3 hours. Case ref CASE-850800. Call (792) 551-6346.
smishing,Court order CASE-391369 authorizes seizure of your property by tomorrow 9AM. Contact (961) 911-3106 to halt this action.
smishing,USCIS NOTICE: Discrepancy found in your immigration file (case CASE-126225). Deportation proceedings begin within 30 minutes unless you respond: urlz.fr/SecureLink3
smishing,"FINAL NOTICE from your electric company: Your service will be disconnected within 24 hours due to unpaid balance of $3,982.00. Pay now: bit.ly/ClaimHere7"
smishing,FINAL NOTICE FROM YOUR WATER UTILITY: YOUR SERVICE WILL BE DISCONNECTED IMMEDIATELY DUE TO UNPAID BALANCE OF $199.00. PAY NOW: BIT.LY/VERIFY-NOW22
smishing,"Your account with the power company is past due ($12,450.00). Service termination within 24 hours. Prevent shutoff by calling (310) 480-9927."
smishing,"FINAL NOTICE: YOUR ACCOUNT WITH CHASE SHOWS AN OUTSTANDING BALANCE OF $3,982.00. LEGAL ACTION WILL BEGIN BY 5PM TODAY. CASE REF CASE-198246. CALL (347) 387-5187."